  0
SECTION
  2
HEADER
  9
$ACADVER
  1
AC1014
  9
$ACADMAINTVER
 70
     9
  9
$DWGCODEPAGE
  3
ANSI_1252
  9
$INSBASE
 10
0.0
 20
0.0
 30
0.0
  9
$EXTMIN
 10
138.1838479013689
 20
14.0716
 30
0.0
  9
$EXTMAX
 10
288.1898683598251
 20
182.6222136840184
 30
0.0
  9
$LIMMIN
 10
0.0
 20
0.0
  9
$LIMMAX
 10
12.0
 20
9.0
  9
$ORTHOMODE
 70
     0
  9
$REGENMODE
 70
     1
  9
$FILLMODE
 70
     1
  9
$QTEXTMODE
 70
     0
  9
$MIRRTEXT
 70
     1
  9
$DRAGMODE
 70
     2
  9
$LTSCALE
 40
0.5
  9
$OSMODE
 70
    23
  9
$ATTMODE
 70
     1
  9
$TEXTSIZE
 40
0.12
  9
$TRACEWID
 40
0.05
  9
$TEXTSTYLE
  7
ONSHAPE-STANDARD
  9
$CLAYER
  8
0
  9
$CELTYPE
  6
BYLAYER
  9
$CECOLOR
 62
   256
  9
$CELTSCALE
 40
1.0
  9
$DELOBJ
 70
     1
  9
$DISPSILH
 70
     0
  9
$DIMSCALE
 40
25.4
  9
$DIMASZ
 40
0.18
  9
$DIMEXO
 40
0.0625
  9
$DIMDLI
 40
0.38
  9
$DIMRND
 40
0.0
  9
$DIMDLE
 40
0.0
  9
$DIMEXE
 40
0.08
  9
$DIMTP
 40
0.0
  9
$DIMTM
 40
0.0
  9
$DIMTXT
 40
0.12
  9
$DIMCEN
 40
0.09
  9
$DIMTSZ
 40
0.0
  9
$DIMTOL
 70
     0
  9
$DIMLIM
 70
     0
  9
$DIMTIH
 70
     1
  9
$DIMTOH
 70
     1
  9
$DIMSE1
 70
     0
  9
$DIMSE2
 70
     0
  9
$DIMTAD
 70
     0
  9
$DIMZIN
 70
    11
  9
$DIMBLK
  1

  9
$DIMASO
 70
     1
  9
$DIMSHO
 70
     1
  9
$DIMPOST
  1

  9
$DIMAPOST
  1

  9
$DIMALT
 70
     1
  9
$DIMALTD
 70
     3
  9
$DIMALTF
 40
0.0393700787401575
  9
$DIMLFAC
 40
4.999999999999999
  9
$DIMTOFL
 70
     0
  9
$DIMTVP
 40
0.0
  9
$DIMTIX
 70
     0
  9
$DIMSOXD
 70
     0
  9
$DIMSAH
 70
     0
  9
$DIMBLK1
  1

  9
$DIMBLK2
  1

  9
$DIMSTYLE
  2
ONSHAPE-STANDARD
  9
$DIMCLRD
 70
     7
  9
$DIMCLRE
 70
     7
  9
$DIMCLRT
 70
     7
  9
$DIMTFAC
 40
1.0
  9
$DIMGAP
 40
0.09
  9
$DIMJUST
 70
     0
  9
$DIMSD1
 70
     0
  9
$DIMSD2
 70
     0
  9
$DIMTOLJ
 70
     1
  9
$DIMTZIN
 70
    11
  9
$DIMALTZ
 70
    11
  9
$DIMALTTZ
 70
     0
  9
$DIMFIT
 70
     3
  9
$DIMUPT
 70
     1
  9
$DIMUNIT
 70
     2
  9
$DIMDEC
 70
     2
  9
$DIMTDEC
 70
     2
  9
$DIMALTU
 70
     2
  9
$DIMALTTD
 70
     3
  9
$DIMTXSTY
  7
ONSHAPE-STANDARD-DIMENSION
  9
$DIMAUNIT
 70
     0
  9
$LUNITS
 70
     2
  9
$LUPREC
 70
     4
  9
$SKETCHINC
 40
0.1
  9
$FILLETRAD
 40
0.5
  9
$AUNITS
 70
     0
  9
$AUPREC
 70
     0
  9
$MENU
  1
.
  9
$ELEVATION
 40
0.0
  9
$PELEVATION
 40
0.0
  9
$THICKNESS
 40
0.0
  9
$LIMCHECK
 70
     0
  9
$CHAMFERA
 40
0.0
  9
$CHAMFERB
 40
0.0
  9
$CHAMFERC
 40
0.0
  9
$CHAMFERD
 40
0.0
  9
$SKPOLY
 70
     0
  9
$TDCREATE
 40
2461264.853442361
  9
$TDUPDATE
 40
2461264.853442685
  9
$TDINDWG
 40
0.0
  9
$TDUSRTIMER
 40
0.0
  9
$USRTIMER
 70
     1
  9
$ANGBASE
 50
0.0
  9
$ANGDIR
 70
     0
  9
$PDMODE
 70
    33
  9
$PDSIZE
 40
0.9999999999999999
  9
$PLINEWID
 40
0.0
  9
$COORDS
 70
     1
  9
$SPLFRAME
 70
     0
  9
$SPLINETYPE
 70
     6
  9
$SPLINESEGS
 70
     8
  9
$ATTDIA
 70
     0
  9
$ATTREQ
 70
     1
  9
$HANDLING
 70
     1
  9
$HANDSEED
  5
1AF
  9
$SURFTAB1
 70
     6
  9
$SURFTAB2
 70
     6
  9
$SURFTYPE
 70
     6
  9
$SURFU
 70
     6
  9
$SURFV
 70
     6
  9
$UCSNAME
  2

  9
$UCSORG
 10
0.0
 20
0.0
 30
0.0
  9
$UCSXDIR
 10
1.0
 20
0.0
 30
0.0
  9
$UCSYDIR
 10
0.0
 20
1.0
 30
0.0
  9
$PUCSNAME
  2

  9
$PUCSORG
 10
0.0
 20
0.0
 30
0.0
  9
$PUCSXDIR
 10
1.0
 20
0.0
 30
0.0
  9
$PUCSYDIR
 10
0.0
 20
1.0
 30
0.0
  9
$USERI1
 70
     0
  9
$USERI2
 70
     0
  9
$USERI3
 70
     0
  9
$USERI4
 70
     0
  9
$USERI5
 70
     0
  9
$USERR1
 40
0.0
  9
$USERR2
 40
0.0
  9
$USERR3
 40
0.0
  9
$USERR4
 40
0.0
  9
$USERR5
 40
0.0
  9
$WORLDVIEW
 70
     1
  9
$SHADEDGE
 70
     3
  9
$SHADEDIF
 70
    70
  9
$TILEMODE
 70
     1
  9
$MAXACTVP
 70
    64
  9
$PINSBASE
 10
0.0
 20
0.0
 30
0.0
  9
$PLIMCHECK
 70
     0
  9
$PEXTMIN
 10
1.000000000000000E+20
 20
1.000000000000000E+20
 30
1.000000000000000E+20
  9
$PEXTMAX
 10
-1.000000000000000E+20
 20
-1.000000000000000E+20
 30
-1.000000000000000E+20
  9
$PLIMMIN
 10
0.0
 20
0.0
  9
$PLIMMAX
 10
12.0
 20
9.0
  9
$UNITMODE
 70
     0
  9
$VISRETAIN
 70
     1
  9
$PLINEGEN
 70
     0
  9
$PSLTSCALE
 70
     1
  9
$TREEDEPTH
 70
  3020
  9
$PICKSTYLE
 70
     1
  9
$CMLSTYLE
  2
STANDARD
  9
$CMLJUST
 70
     0
  9
$CMLSCALE
 40
1.0
  9
$PROXYGRAPHICS
 70
     1
  9
$MEASUREMENT
 70
     0
  0
ENDSEC
  0
SECTION
  2
CLASSES
  0
CLASS
  1
ACDBDICTIONARYWDFLT
  2
AcDbDictionaryWithDefault
  3
ObjectDBX Classes
 90
        0
280
     0
281
     0
  0
CLASS
  1
VISUALSTYLE
  2
AcDbVisualStyle
  3
ObjectDBX Classes
 90
     4095
280
     0
281
     0
  0
CLASS
  1
MATERIAL
  2
AcDbMaterial
  3
ObjectDBX Classes
 90
     1153
280
     0
281
     0
  0
CLASS
  1
SCALE
  2
AcDbScale
  3
ObjectDBX Classes
 90
     1153
280
     0
281
     0
  0
CLASS
  1
TABLESTYLE
  2
AcDbTableStyle
  3
ObjectDBX Classes
 90
     4095
280
     0
281
     0
  0
CLASS
  1
MLEADERSTYLE
  2
AcDbMLeaderStyle
  3
ACDB_MLEADERSTYLE_CLASS
 90
     4095
280
     0
281
     0
  0
CLASS
  1
SUN
  2
AcDbSun
  3
SCENEOE
 90
     1153
280
     0
281
     0
  0
CLASS
  1
DICTIONARYVAR
  2
AcDbDictionaryVar
  3
ObjectDBX Classes
 90
        0
280
     0
281
     0
  0
CLASS
  1
XRECORD
  2
AcDbXrecord
  3
ObjectDBX Classes
 90
        0
280
     0
281
     0
  0
CLASS
  1
LWPOLYLINE
  2
AcDbPolyline
  3
ObjectDBX Classes
 90
        0
280
     0
281
     1
  0
CLASS
  1
HATCH
  2
AcDbHatch
  3
ObjectDBX Classes
 90
        0
280
     0
281
     1
  0
CLASS
  1
ACDBPLACEHOLDER
  2
AcDbPlaceHolder
  3
ObjectDBX Classes
 90
        0
280
     0
281
     0
  0
CLASS
  1
LAYOUT
  2
AcDbLayout
  3
ObjectDBX Classes
 90
        0
280
     0
281
     0
  0
ENDSEC
  0
SECTION
  2
TABLES
  0
TABLE
  2
VPORT
  5
8
102
{ACAD_XDICTIONARY
360
1A4
102
}
330
0
100
AcDbSymbolTable
 70
     1
  0
VPORT
  5
29
330
8
100
AcDbSymbolTableRecord
100
AcDbViewportTableRecord
  2
*ACTIVE
 70
     0
 10
0.0
 20
0.0
 11
1.0
 21
1.0
 12
213.186858130597
 22
97.99943484200922
 13
0.0
 23
0.0
 14
0.5
 24
0.5
 15
0.5
 25
0.5
 16
0.0
 26
0.0
 36
1.0
 17
0.0
 27
0.0
 37
0.0
 40
172.6304688376988
 41
0.8863217594078155
 42
50.0
 43
0.0
 44
0.0
 50
0.0
 51
0.0
 71
     0
 72
   100
 73
     1
 74
     3
 75
     0
 76
     0
 77
     0
 78
     0
  0
ENDTAB
  0
TABLE
  2
LTYPE
  5
5
330
0
100
AcDbSymbolTable
 70
     1
  0
LTYPE
  5
14
330
5
100
AcDbSymbolTableRecord
100
AcDbLinetypeTableRecord
  2
BYBLOCK
 70
     0
  3

 72
    65
 73
     0
 40
0.0
  0
LTYPE
  5
15
330
5
100
AcDbSymbolTableRecord
100
AcDbLinetypeTableRecord
  2
BYLAYER
 70
     0
  3

 72
    65
 73
     0
 40
0.0
  0
LTYPE
  5
16
330
5
100
AcDbSymbolTableRecord
100
AcDbLinetypeTableRecord
  2
CONTINUOUS
 70
     0
  3
Solid line
 72
    65
 73
     0
 40
0.0
  0
ENDTAB
  0
TABLE
  2
LAYER
  5
2
330
0
100
AcDbSymbolTable
 70
     4
  0
LAYER
  5
10
330
2
100
AcDbSymbolTableRecord
100
AcDbLayerTableRecord
  2
0
 70
     0
 62
     7
  6
CONTINUOUS
  0
LAYER
  5
73
330
2
100
AcDbSymbolTableRecord
100
AcDbLayerTableRecord
  2
VISIBLE
 70
     0
 62
     7
  6
CONTINUOUS
  0
LAYER
  5
10A
330
2
100
AcDbSymbolTableRecord
100
AcDbLayerTableRecord
  2
TITLE_BLOCK
 70
     0
 62
     7
  6
CONTINUOUS
  0
LAYER
  5
112
330
2
100
AcDbSymbolTableRecord
100
AcDbLayerTableRecord
  2
ANNOTATION_TEXT
 70
     0
 62
     7
  6
CONTINUOUS
  0
ENDTAB
  0
TABLE
  2
STYLE
  5
3
330
0
100
AcDbSymbolTable
 70
    36
  0
STYLE
  5
11
330
3
100
AcDbSymbolTableRecord
100
AcDbTextStyleTableRecord
  2
STANDARD
 70
     0
 40
0.0
 41
1.0
 50
0.0
 71
     0
 42
0.12
  3
txt
  4

  0
STYLE
  5
70
330
3
100
AcDbSymbolTableRecord
100
AcDbTextStyleTableRecord
  2
ONSHAPE-STANDARD
 70
     0
 40
0.0
 41
1.0
 50
0.0
 71
     0
 42
0.12
  3
NotoSans-Regular.ttf
  4

1001
ACAD
1000
Noto Sans
1071
        0
  0
STYLE
  5
72
330
3
100
AcDbSymbolTableRecord
100
AcDbTextStyleTableRecord
  2
ONSHAPE-STANDARD-DIMENSION
 70
     0
 40
0.0
 41
1.0
 50
0.0
 71
     0
 42
0.12
  3

  4

1001
ACAD
1000
Noto Sans
1071
        0
  0
STYLE
  5
10D
330
3
100
AcDbSymbolTableRecord
100
AcDbTextStyleTableRecord
  2
ONSHAPE-STANDARD-FIELDS
 70
     0
 40
0.0
 41
1.0
 50
0.0
 71
     0
 42
0.12
  3

  4

1001
ACAD
1000
Noto Sans
1071
        0
  0
STYLE
  5
113
330
3
100
AcDbSymbolTableRecord
100
AcDbTextStyleTableRecord
  2
ONSHAPE-STANDARD-VIEW-LABE
 70
     0
 40
0.12
 41
1.0
 50
0.0
 71
     0
 42
0.12
  3
NotoSans-Regular.ttf
  4

1001
ACAD
1000
Noto Sans
1071
        0
  0
STYLE
  5
127
330
3
100
AcDbSymbolTableRecord
100
AcDbTextStyleTableRecord
  2
ONSHAPE-STANDARD-TCFIELDS
 70
     0
 40
0.0
 41
1.0
 50
0.0
 71
     0
 42
0.12
  3
NotoSansTC-Regular.otf
  4

1001
ACAD
1000
Noto Sans TC
1071
        0
  0
STYLE
  5
128
330
3
100
AcDbSymbolTableRecord
100
AcDbTextStyleTableRecord
  2
ONSHAPE-STANDARD-SCFIELDS
 70
     0
 40
0.0
 41
1.0
 50
0.0
 71
     0
 42
0.12
  3
NotoSansSC-Regular.otf
  4

1001
ACAD
1000
Noto Sans SC
1071
        0
  0
STYLE
  5
129
330
3
100
AcDbSymbolTableRecord
100
AcDbTextStyleTableRecord
  2
ONSHAPE-STANDARD-KOREANFIE
 70
     0
 40
0.0
 41
1.0
 50
0.0
 71
     0
 42
0.12
  3
NotoSansKR-Regular.otf
  4

1001
ACAD
1000
Noto Sans KR
1071
        0
  0
STYLE
  5
12A
330
3
100
AcDbSymbolTableRecord
100
AcDbTextStyleTableRecord
  2
ONSHAPE-STANDARD-JAPANESEF
 70
     0
 40
0.0
 41
1.0
 50
0.0
 71
     0
 42
0.12
  3
NotoSansJP-Regular.otf
  4

1001
ACAD
1000
Noto Sans JP
1071
        0
  0
STYLE
  5
12C
330
3
100
AcDbSymbolTableRecord
100
AcDbTextStyleTableRecord
  2
ONSHAPE-STANDARD-BOLD
 70
     0
 40
0.0
 41
1.0
 50
0.0
 71
     0
 42
0.12
  3
NotoSans-Bold.ttf
  4

1001
ACAD
1000
Noto Sans
1071
 33554432
  0
STYLE
  5
12F
330
3
100
AcDbSymbolTableRecord
100
AcDbTextStyleTableRecord
  2
TTFSTYLE
 70
     0
 40
0.0
 41
1.0
 50
0.0
 71
     0
 42
0.12
  3

  4

1001
ACAD
1000
Verdana
1071
       34
  0
STYLE
  5
130
330
3
100
AcDbSymbolTableRecord
100
AcDbTextStyleTableRecord
  2
ONSHAPE-STANDARD-GTOLERANC
 70
     0
 40
0.0
 41
1.0
 50
0.0
 71
     0
 42
0.12
  3

  4

1001
ACAD
1000
Noto Sans
1071
        0
  0
STYLE
  5
131
330
3
100
AcDbSymbolTableRecord
100
AcDbTextStyleTableRecord
  2
ONSHAPE-STANDARD-TABLE-DAT
 70
     0
 40
0.0
 41
1.0
 50
0.0
 71
     0
 42
0.12
  3
NotoSans-Regular.ttf
  4

1001
ACAD
1000
Noto Sans
1071
        0
  0
STYLE
  5
132
330
3
100
AcDbSymbolTableRecord
100
AcDbTextStyleTableRecord
  2
ONSHAPE-STANDARD-TABLE-TIT
 70
     0
 40
0.0
 41
1.0
 50
0.0
 71
     0
 42
0.12
  3
NotoSans-Bold.ttf
  4

1001
ACAD
1000
Noto Sans
1071
 33554432
  0
STYLE
  5
133
330
3
100
AcDbSymbolTableRecord
100
AcDbTextStyleTableRecord
  2
ONSHAPE-STANDARD-TABLE-HEA
 70
     0
 40
0.0
 41
1.0
 50
0.0
 71
     0
 42
0.12
  3
NotoSans-Bold.ttf
  4

1001
ACAD
1000
Noto Sans
1071
 33554432
  0
STYLE
  5
134
330
3
100
AcDbSymbolTableRecord
100
AcDbTextStyleTableRecord
  2
ONSHAPE-STANDARD-BOMTABLE-
 70
     0
 40
0.0
 41
1.0
 50
0.0
 71
     0
 42
0.12
  3
NotoSans-Regular.ttf
  4

1001
ACAD
1000
Noto Sans
1071
        0
  0
STYLE
  5
135
330
3
100
AcDbSymbolTableRecord
100
AcDbTextStyleTableRecord
  2
ONSHAPE-STANDARD-BOMTABLE0
 70
     0
 40
0.0
 41
1.0
 50
0.0
 71
     0
 42
0.12
  3
NotoSans-Bold.ttf
  4

1001
ACAD
1000
Noto Sans
1071
 33554432
  0
STYLE
  5
136
330
3
100
AcDbSymbolTableRecord
100
AcDbTextStyleTableRecord
  2
ONSHAPE-STANDARD-BOMTABLE1
 70
     0
 40
0.0
 41
1.0
 50
0.0
 71
     0
 42
0.12
  3
NotoSans-Bold.ttf
  4

1001
ACAD
1000
Noto Sans
1071
 33554432
  0
STYLE
  5
137
330
3
100
AcDbSymbolTableRecord
100
AcDbTextStyleTableRecord
  2
ONSHAPE-STANDARD-NOTESTYLE
 70
     0
 40
0.12
 41
1.0
 50
0.0
 71
     0
 42
0.12
  3
NotoSans-Regular.ttf
  4

1001
ACAD
1000
Noto Sans
1071
        0
  0
STYLE
  5
138
330
3
100
AcDbSymbolTableRecord
100
AcDbTextStyleTableRecord
  2
ONSHAPE-STANDARD-DATUM-DIM
 70
     0
 40
0.12
 41
1.0
 50
0.0
 71
     0
 42
0.12
  3
NotoSans-Regular.ttf
  4

1001
ACAD
1000
Noto Sans
1071
        0
  0
STYLE
  5
13A
330
3
100
AcDbSymbolTableRecord
100
AcDbTextStyleTableRecord
  2
ONSHAPE-DETAIL-VIEW-LEADER
 70
     0
 40
0.12
 41
1.0
 50
0.0
 71
     0
 42
0.12
  3
NotoSans-Regular.ttf
  4

1001
ACAD
1000
Noto Sans
1071
        0
  0
STYLE
  5
13B
330
3
100
AcDbSymbolTableRecord
100
AcDbTextStyleTableRecord
  2
ONSHAPE-STANDARD-HOLE-CALL
 70
     0
 40
0.12
 41
1.0
 50
0.0
 71
     0
 42
0.12
  3
NotoSans-Regular.ttf
  4

1001
ACAD
1000
Noto Sans
1071
        0
  0
STYLE
  5
13C
330
3
100
AcDbSymbolTableRecord
100
AcDbTextStyleTableRecord
  2
ONSHAPE-STANDARD-HOLETABLE
 70
     0
 40
0.0
 41
1.0
 50
0.0
 71
     0
 42
0.12
  3
NotoSans-Regular.ttf
  4

1001
ACAD
1000
Noto Sans
1071
        0
  0
STYLE
  5
13D
330
3
100
AcDbSymbolTableRecord
100
AcDbTextStyleTableRecord
  2
ONSHAPE-STANDARD-HOLETABL0
 70
     0
 40
0.0
 41
1.0
 50
0.0
 71
     0
 42
0.12
  3
NotoSans-Bold.ttf
  4

1001
ACAD
1000
Noto Sans
1071
 33554432
  0
STYLE
  5
13E
330
3
100
AcDbSymbolTableRecord
100
AcDbTextStyleTableRecord
  2
ONSHAPE-STANDARD-HOLETABL1
 70
     0
 40
0.0
 41
1.0
 50
0.0
 71
     0
 42
0.12
  3
NotoSans-Bold.ttf
  4

1001
ACAD
1000
Noto Sans
1071
 33554432
  0
STYLE
  5
13F
330
3
100
AcDbSymbolTableRecord
100
AcDbTextStyleTableRecord
  2
ONSHAPE-STANDARD-HOLE-TAG
 70
     0
 40
0.12
 41
1.0
 50
0.0
 71
     0
 42
0.12
  3
NotoSans-Regular.ttf
  4

1001
ACAD
1000
Noto Sans
1071
        0
  0
STYLE
  5
140
330
3
100
AcDbSymbolTableRecord
100
AcDbTextStyleTableRecord
  2
ONSHAPE-STANDARD-REVISIONT
 70
     0
 40
0.0
 41
1.0
 50
0.0
 71
     0
 42
0.12
  3
NotoSans-Regular.ttf
  4

1001
ACAD
1000
Noto Sans
1071
        0
  0
STYLE
  5
141
330
3
100
AcDbSymbolTableRecord
100
AcDbTextStyleTableRecord
  2
ONSHAPE-STANDARD-REVISION0
 70
     0
 40
0.0
 41
1.0
 50
0.0
 71
     0
 42
0.12
  3
NotoSans-Bold.ttf
  4

1001
ACAD
1000
Noto Sans
1071
 33554432
  0
STYLE
  5
142
330
3
100
AcDbSymbolTableRecord
100
AcDbTextStyleTableRecord
  2
ONSHAPE-STANDARD-REVISION1
 70
     0
 40
0.0
 41
1.0
 50
0.0
 71
     0
 42
0.12
  3
NotoSans-Bold.ttf
  4

1001
ACAD
1000
Noto Sans
1071
 33554432
  0
STYLE
  5
143
330
3
100
AcDbSymbolTableRecord
100
AcDbTextStyleTableRecord
  2
ONSHAPE-STANDARD-REVISION-
 70
     0
 40
0.12
 41
1.0
 50
0.0
 71
     0
 42
0.12
  3
NotoSans-Regular.ttf
  4

1001
ACAD
1000
Noto Sans
1071
        0
  0
STYLE
  5
144
330
3
100
AcDbSymbolTableRecord
100
AcDbTextStyleTableRecord
  2
ONSHAPE-STANDARD-CUTLISTTA
 70
     0
 40
0.0
 41
1.0
 50
0.0
 71
     0
 42
0.12
  3
NotoSans-Regular.ttf
  4

1001
ACAD
1000
Noto Sans
1071
        0
  0
STYLE
  5
145
330
3
100
AcDbSymbolTableRecord
100
AcDbTextStyleTableRecord
  2
ONSHAPE-STANDARD-CUTLISTT0
 70
     0
 40
0.0
 41
1.0
 50
0.0
 71
     0
 42
0.12
  3
NotoSans-Bold.ttf
  4

1001
ACAD
1000
Noto Sans
1071
 33554432
  0
STYLE
  5
146
330
3
100
AcDbSymbolTableRecord
100
AcDbTextStyleTableRecord
  2
ONSHAPE-STANDARD-CUTLISTT1
 70
     0
 40
0.0
 41
1.0
 50
0.0
 71
     0
 42
0.12
  3
NotoSans-Bold.ttf
  4

1001
ACAD
1000
Noto Sans
1071
 33554432
  0
STYLE
  5
147
330
3
100
AcDbSymbolTableRecord
100
AcDbTextStyleTableRecord
  2
ONSHAPE-STANDARD-CUSTOMTAB
 70
     0
 40
0.0
 41
1.0
 50
0.0
 71
     0
 42
0.12
  3
NotoSans-Regular.ttf
  4

1001
ACAD
1000
Noto Sans
1071
        0
  0
STYLE
  5
148
330
3
100
AcDbSymbolTableRecord
100
AcDbTextStyleTableRecord
  2
ONSHAPE-STANDARD-CUSTOMTA0
 70
     0
 40
0.0
 41
1.0
 50
0.0
 71
     0
 42
0.12
  3
NotoSans-Bold.ttf
  4

1001
ACAD
1000
Noto Sans
1071
 33554432
  0
STYLE
  5
149
330
3
100
AcDbSymbolTableRecord
100
AcDbTextStyleTableRecord
  2
ONSHAPE-STANDARD-CUSTOMTA1
 70
     0
 40
0.0
 41
1.0
 50
0.0
 71
     0
 42
0.12
  3
NotoSans-Bold.ttf
  4

1001
ACAD
1000
Noto Sans
1071
 33554432
  0
ENDTAB
  0
TABLE
  2
VIEW
  5
6
330
0
100
AcDbSymbolTable
 70
     0
  0
ENDTAB
  0
TABLE
  2
UCS
  5
7
330
0
100
AcDbSymbolTable
 70
     0
  0
ENDTAB
  0
TABLE
  2
APPID
  5
9
330
0
100
AcDbSymbolTable
 70
     3
  0
APPID
  5
12
330
9
100
AcDbSymbolTableRecord
100
AcDbRegAppTableRecord
  2
ACAD
 70
     0
  0
APPID
  5
117
330
9
100
AcDbSymbolTableRecord
100
AcDbRegAppTableRecord
  2
ONSHAPE_NOTES_ANNOTATION_D
 70
     0
  0
APPID
  5
1AE
330
9
100
AcDbSymbolTableRecord
100
AcDbRegAppTableRecord
  2
ACAD_MLEADERVER
 70
     0
  0
ENDTAB
  0
TABLE
  2
DIMSTYLE
  5
A
330
0
100
AcDbSymbolTable
 70
    21
  0
DIMSTYLE
105
27
330
A
100
AcDbSymbolTableRecord
100
AcDbDimStyleTableRecord
  2
STANDARD
 70
     0
  3

  4

  5

  6

  7

 40
25.4
 41
0.18
 42
0.0625
 43
0.38
 44
0.18
 45
0.0
 46
0.0
 47
0.0
 48
0.0
140
0.18
141
0.09
142
0.0
143
0.0393700787401575
144
1.0
145
0.0
146
1.0
147
0.09
 71
     0
 72
     0
 73
     1
 74
     1
 75
     0
 76
     0
 77
     0
 78
     0
170
     0
171
     2
172
     0
173
     0
174
     0
175
     0
176
     0
177
     0
178
     0
270
     2
271
     4
272
     4
273
     2
274
     2
340
11
275
     0
280
     0
281
     0
282
     0
283
     1
284
     0
285
     0
286
     0
287
     3
288
     0
  0
DIMSTYLE
105
71
330
A
100
AcDbSymbolTableRecord
100
AcDbDimStyleTableRecord
  2
ONSHAPE-STANDARD
 70
     0
  3

  4

  5

  6

  7

 40
25.4
 41
0.18
 42
0.0625
 43
0.38
 44
0.08
 45
0.0
 46
0.0
 47
0.0
 48
0.0
140
0.12
141
0.09
142
0.0
143
0.0393700787401575
144
25.4
145
0.0
146
1.0
147
0.09
 71
     0
 72
     0
 73
     1
 74
     1
 75
     0
 76
     0
 77
     0
 78
    11
170
     0
171
     3
172
     0
173
     0
174
     0
175
     0
176
     7
177
     7
178
     7
179
     1
270
     2
271
     2
272
     2
273
     2
274
     3
340
72
275
     0
280
     0
281
     0
282
     0
283
     1
284
    11
285
    11
286
     0
287
     3
288
     1
  0
DIMSTYLE
105
14C
330
A
100
AcDbSymbolTableRecord
100
AcDbDimStyleTableRecord
  2
ANSI
 70
     0
  3

  4
mm
  5

  6

  7

 40
25.4
 41
0.12
 42
0.05
 43
0.5
 44
0.1
 45
0.0
 46
0.0
 47
0.1
 48
0.1
140
0.12
141
0.0
142
0.0
143
0.0393700787401575
144
25.4
145
0.0
146
0.71
147
0.06
 71
     0
 72
     0
 73
     1
 74
     1
 75
     0
 76
     0
 77
     0
 78
    11
170
     0
171
     3
172
     0
173
     0
174
     0
175
     0
176
     7
177
     7
178
     7
270
     2
271
     2
272
     3
273
     2
274
     3
340
11
275
     0
280
     0
281
     0
282
     0
283
     1
284
    11
285
    11
286
     0
287
     3
288
     1
  0
DIMSTYLE
105
14D
330
A
100
AcDbSymbolTableRecord
100
AcDbDimStyleTableRecord
  2
ANSI$3
 70
     0
  3

  4
mm
  5

  6

  7

 40
25.4
 41
0.12
 42
0.05
 43
0.5
 44
0.1
 45
0.0
 46
0.0
 47
0.1
 48
0.1
140
0.12
141
0.0
142
0.0
143
0.0393700787401575
144
25.4
145
0.0
146
0.71
147
0.06
 71
     0
 72
     0
 73
     1
 74
     1
 75
     0
 76
     0
 77
     0
 78
    11
170
     0
171
     3
172
     0
173
     0
174
     0
175
     0
176
     7
177
     7
178
     7
270
     2
271
     2
272
     3
273
     2
274
     3
340
11
275
     0
280
     0
281
     0
282
     0
283
     1
284
    11
285
    11
286
     0
288
     1
  0
DIMSTYLE
105
14E
330
A
100
AcDbSymbolTableRecord
100
AcDbDimStyleTableRecord
  2
ANSI$4
 70
     0
  3

  4
mm
  5

  6

  7

 40
25.4
 41
0.12
 42
0.05
 43
0.5
 44
0.1
 45
0.0
 46
0.0
 47
0.1
 48
0.1
140
0.12
141
0.0
142
0.0
143
0.0393700787401575
144
25.4
145
0.0
146
0.71
147
0.06
 71
     0
 72
     0
 73
     1
 74
     1
 75
     0
 76
     0
 77
     0
 78
    11
170
     0
171
     3
172
     0
173
     0
174
     0
175
     0
176
     7
177
     7
178
     7
270
     2
271
     2
272
     3
273
     2
274
     3
340
11
275
     0
280
     0
281
     0
282
     0
283
     1
284
    11
285
    11
286
     0
287
     3
288
     1
  0
DIMSTYLE
105
14F
330
A
100
AcDbSymbolTableRecord
100
AcDbDimStyleTableRecord
  2
ANSI$7
 70
     0
  3

  4
mm
  5

  6

  7

 40
25.4
 41
0.12
 42
0.05
 43
0.5
 44
0.1
 45
0.0
 46
0.0
 47
0.1
 48
0.1
140
0.12
141
0.0
142
0.0
143
0.0393700787401575
144
25.4
145
0.0
146
0.71
147
0.06
 71
     0
 72
     0
 73
     1
 74
     1
 75
     0
 76
     0
 77
     0
 78
    11
170
     0
171
     3
172
     0
173
     0
174
     0
175
     0
176
     7
177
     7
178
     7
270
     2
271
     2
272
     3
273
     2
274
     3
340
11
275
     0
280
     0
281
     0
282
     0
283
     1
284
    11
285
    11
286
     0
287
     3
288
     1
  0
DIMSTYLE
105
150
330
A
100
AcDbSymbolTableRecord
100
AcDbDimStyleTableRecord
  2
ANSI$SF
 70
     0
  3

  4
mm
  5

  6

  7

 40
25.4
 41
0.12
 42
0.05
 43
0.5
 44
0.1
 45
0.0
 46
0.0
 47
0.1
 48
0.1
140
0.12
141
0.0
142
0.0
143
0.0393700787401575
144
25.4
145
0.0
146
0.71
147
0.06
 71
     0
 72
     0
 73
     1
 74
     1
 75
     1
 76
     1
 77
     0
 78
    11
170
     0
171
     3
172
     0
173
     0
174
     0
175
     0
176
     7
177
     7
178
     7
270
     2
271
     2
272
     3
273
     2
274
     3
340
11
275
     0
280
     0
281
     0
282
     0
283
     1
284
    11
285
    11
286
     0
287
     3
288
     1
  0
DIMSTYLE
105
151
330
A
100
AcDbSymbolTableRecord
100
AcDbDimStyleTableRecord
  2
ANSI$SH
 70
     0
  3

  4
mm
  5

  6

  7

 40
25.4
 41
0.12
 42
0.05
 43
0.5
 44
0.1
 45
0.0
 46
0.0
 47
0.1
 48
0.1
140
0.12
141
0.0
142
0.0
143
0.0393700787401575
144
25.4
145
0.0
146
0.71
147
0.06
 71
     0
 72
     0
 73
     1
 74
     1
 75
     1
 76
     1
 77
     0
 78
    11
170
     0
171
     3
172
     0
173
     1
174
     0
175
     0
176
     7
177
     7
178
     7
270
     2
271
     2
272
     3
273
     2
274
     3
340
11
275
     0
280
     0
281
     0
282
     0
283
     1
284
    11
285
    11
286
     0
287
     3
288
     1
  0
DIMSTYLE
105
154
330
A
100
AcDbSymbolTableRecord
100
AcDbDimStyleTableRecord
  2
ONSHAPE-STANDARD$0
 70
     0
  3

  4

  5

  6

  7

 40
25.4
 41
0.18
 42
0.0625
 43
0.38
 44
0.08
 45
0.0
 46
0.0
 47
0.0
 48
0.0
140
0.12
141
0.09
142
0.0
143
0.0393700787401575
144
25.4
145
0.0
146
1.0
147
0.09
 71
     0
 72
     0
 73
     1
 74
     1
 75
     0
 76
     0
 77
     0
 78
    11
170
     0
171
     3
172
     0
173
     0
174
     0
175
     0
176
     7
177
     7
178
     7
179
     1
270
     2
271
     2
272
     2
273
     2
274
     3
340
72
275
     0
280
     0
281
     0
282
     0
283
     1
284
    11
285
    11
286
     0
287
     3
288
     1
  0
DIMSTYLE
105
155
330
A
100
AcDbSymbolTableRecord
100
AcDbDimStyleTableRecord
  2
ONSHAPE-STANDARD$2
 70
     0
  3

  4

  5

  6

  7

 40
25.4
 41
0.18
 42
0.0625
 43
0.38
 44
0.08
 45
0.0
 46
0.0
 47
0.0
 48
0.0
140
0.12
141
0.09
142
0.0
143
0.0393700787401575
144
25.4
145
0.0
146
1.0
147
0.09
 71
     0
 72
     0
 73
     1
 74
     1
 75
     0
 76
     0
 77
     0
 78
    11
170
     0
171
     3
172
     0
173
     0
174
     0
175
     0
176
     7
177
     7
178
     7
179
     1
270
     2
271
     2
272
     2
273
     2
274
     3
340
72
275
     0
280
     0
281
     0
282
     0
283
     1
284
    11
285
    11
286
     0
287
     3
288
     1
  0
DIMSTYLE
105
156
330
A
100
AcDbSymbolTableRecord
100
AcDbDimStyleTableRecord
  2
ONSHAPE-STANDARD$3
 70
     0
  3

  4

  5

  6

  7

 40
25.4
 41
0.18
 42
0.0625
 43
0.38
 44
0.08
 45
0.0
 46
0.0
 47
0.0
 48
0.0
140
0.12
141
0.0
142
0.0
143
0.0393700787401575
144
25.4
145
0.0
146
1.0
147
0.09
 71
     0
 72
     0
 73
     1
 74
     1
 75
     0
 76
     0
 77
     0
 78
    11
170
     0
171
     3
172
     0
173
     0
174
     0
175
     0
176
     7
177
     7
178
     7
179
     1
270
     2
271
     2
272
     2
273
     2
274
     3
340
72
275
     0
280
     0
281
     0
282
     0
283
     1
284
    11
285
    11
286
     0
287
     3
288
     1
  0
DIMSTYLE
105
157
330
A
100
AcDbSymbolTableRecord
100
AcDbDimStyleTableRecord
  2
ONSHAPE-STANDARD$4
 70
     0
  3

  4

  5

  6

  7

 40
25.4
 41
0.18
 42
0.0625
 43
0.38
 44
0.08
 45
0.0
 46
0.0
 47
0.0
 48
0.0
140
0.12
141
0.0
142
0.0
143
0.0393700787401575
144
25.4
145
0.0
146
1.0
147
0.09
 71
     0
 72
     0
 73
     1
 74
     1
 75
     0
 76
     0
 77
     0
 78
    11
170
     0
171
     3
172
     0
173
     0
174
     0
175
     0
176
     7
177
     7
178
     7
179
     1
270
     2
271
     2
272
     2
273
     2
274
     3
340
72
275
     0
280
     0
281
     0
282
     0
283
     1
284
    11
285
    11
286
     0
287
     3
288
     1
  0
DIMSTYLE
105
158
330
A
100
AcDbSymbolTableRecord
100
AcDbDimStyleTableRecord
  2
ONSHAPE-STANDARD$6
 70
     0
  3

  4

  5

  6

  7

 40
25.4
 41
0.02
 42
0.0625
 43
0.38
 44
0.08
 45
0.0
 46
0.0
 47
0.0
 48
0.0
140
0.12
141
0.09
142
0.0
143
0.0393700787401575
144
25.4
145
0.0
146
1.0
147
0.09
 71
     0
 72
     0
 73
     1
 74
     1
 75
     0
 76
     0
 77
     0
 78
    11
170
     0
171
     3
172
     0
173
     0
174
     0
175
     0
176
     7
177
     7
178
     7
179
     1
270
     2
271
     2
272
     2
273
     2
274
     3
340
72
275
     0
280
     0
281
     0
282
     0
283
     1
284
    11
285
    11
286
     0
287
     3
288
     1
  0
DIMSTYLE
105
159
330
A
100
AcDbSymbolTableRecord
100
AcDbDimStyleTableRecord
  2
ONSHAPE-STANDARD$7
 70
     0
  3

  4

  5

  6

  7

 40
25.4
 41
0.18
 42
0.0625
 43
0.38
 44
0.08
 45
0.0
 46
0.0
 47
0.0
 48
0.0
140
0.12
141
0.09
142
0.0
143
0.0393700787401575
144
25.4
145
0.0
146
1.0
147
0.09
 71
     0
 72
     0
 73
     1
 74
     1
 75
     0
 76
     0
 77
     0
 78
    11
170
     0
171
     3
172
     0
173
     0
174
     0
175
     0
176
     7
177
     7
178
     7
179
     1
270
     2
271
     2
272
     2
273
     2
274
     3
340
72
275
     0
280
     0
281
     0
282
     0
283
     1
284
    11
285
    11
286
     0
287
     3
288
     1
  0
DIMSTYLE
105
15A
330
A
100
AcDbSymbolTableRecord
100
AcDbDimStyleTableRecord
  2
ONSHAPE-STANDARD-GTOLERANC
 70
     0
  3

  4

  5

  6

  7

 40
1.0
 41
0.18
 42
0.0625
 43
0.38
 44
0.08
 45
0.0
 46
0.0
 47
0.0
 48
0.0
140
0.12
141
0.09
142
0.0
143
0.0393700787401575
144
25.4
145
0.0
146
1.0
147
0.09
 71
     0
 72
     0
 73
     1
 74
     1
 75
     0
 76
     0
 77
     0
 78
    11
170
     0
171
     3
172
     0
173
     0
174
     0
175
     0
176
     7
177
     7
178
     7
179
     1
270
     2
271
     2
272
     2
273
     2
274
     3
340
130
275
     0
280
     0
281
     0
282
     0
283
     1
284
    11
285
    11
286
     0
287
     3
288
     1
  0
DIMSTYLE
105
15C
330
A
100
AcDbSymbolTableRecord
100
AcDbDimStyleTableRecord
  2
ONSHAPE-ORDINATESTYLE
 70
     0
  3

  4

  5

  6

  7

 40
25.4
 41
0.02
 42
0.0625
 43
0.38
 44
0.08
 45
0.0
 46
0.0
 47
0.0
 48
0.0
140
0.12
141
0.09
142
0.0
143
0.0393700787401575
144
25.4
145
0.0
146
1.0
147
0.09
 71
     0
 72
     0
 73
     1
 74
     1
 75
     0
 76
     0
 77
     0
 78
    11
170
     0
171
     3
172
     0
173
     0
174
     0
175
     0
176
     7
177
     7
178
     7
179
     1
270
     2
271
     2
272
     2
273
     2
274
     3
340
72
275
     0
280
     0
281
     0
282
     0
283
     1
284
    11
285
    11
286
     0
287
     3
288
     1
  0
DIMSTYLE
105
15D
330
A
100
AcDbSymbolTableRecord
100
AcDbDimStyleTableRecord
  2
ONSHAPE-CHAMFERDIMSTYLE
 70
     0
  3

  4

  5

  6

  7

 40
25.4
 41
0.18
 42
0.0625
 43
0.38
 44
0.08
 45
0.0
 46
0.0
 47
0.0
 48
0.0
140
0.12
141
0.09
142
0.0
143
0.0393700787401575
144
25.4
145
0.0
146
1.0
147
0.09
 71
     0
 72
     0
 73
     1
 74
     1
 75
     0
 76
     0
 77
     0
 78
    11
170
     0
171
     3
172
     0
173
     0
174
     0
175
     0
176
     7
177
     7
178
     7
179
     1
270
     2
271
     2
272
     2
273
     2
274
     3
340
72
275
     0
280
     0
281
     0
282
     0
283
     1
284
    11
285
    11
286
     0
287
     3
288
     1
  0
DIMSTYLE
105
15E
330
A
100
AcDbSymbolTableRecord
100
AcDbDimStyleTableRecord
  2
ONSHAPE-SKETCHDRIVENDIMSTY
 70
     0
  3

  4

  5

  6

  7

 40
25.4
 41
0.18
 42
0.0625
 43
0.38
 44
0.08
 45
0.0
 46
0.0
 47
0.0
 48
0.0
140
0.12
141
0.09
142
0.0
143
0.0393700787401575
144
25.4
145
0.0
146
1.0
147
0.09
 71
     0
 72
     0
 73
     1
 74
     1
 75
     0
 76
     0
 77
     0
 78
    11
170
     0
171
     3
172
     0
173
     0
174
     0
175
     0
176
   251
177
   251
178
   251
179
     1
270
     2
271
     2
272
     2
273
     2
274
     3
340
72
275
     0
280
     0
281
     0
282
     0
283
     1
284
    11
285
    11
286
     0
287
     3
288
     1
  0
DIMSTYLE
105
15F
330
A
100
AcDbSymbolTableRecord
100
AcDbDimStyleTableRecord
  2
ONSHAPE-SKETCHDRIVENDIMST0
 70
     0
  3

  4

  5

  6

  7

 40
25.4
 41
0.18
 42
0.0625
 43
0.38
 44
0.08
 45
0.0
 46
0.0
 47
0.0
 48
0.0
140
0.12
141
0.09
142
0.0
143
0.0393700787401575
144
25.4
145
0.0
146
1.0
147
0.09
 71
     0
 72
     0
 73
     1
 74
     1
 75
     0
 76
     0
 77
     0
 78
    11
170
     0
171
     3
172
     0
173
     0
174
     0
175
     0
176
   251
177
   251
178
   251
179
     1
270
     2
271
     2
272
     2
273
     2
274
     3
340
72
275
     0
280
     0
281
     0
282
     0
283
     1
284
    11
285
    11
286
     0
287
     3
288
     1
  0
DIMSTYLE
105
160
330
A
100
AcDbSymbolTableRecord
100
AcDbDimStyleTableRecord
  2
ONSHAPE-SKETCHDRIVENDIMST1
 70
     0
  3

  4

  5

  6

  7

 40
25.4
 41
0.18
 42
0.0625
 43
0.38
 44
0.08
 45
0.0
 46
0.0
 47
0.0
 48
0.0
140
0.12
141
0.0
142
0.0
143
0.0393700787401575
144
25.4
145
0.0
146
1.0
147
0.09
 71
     0
 72
     0
 73
     1
 74
     1
 75
     0
 76
     0
 77
     0
 78
    11
170
     0
171
     3
172
     0
173
     0
174
     0
175
     0
176
   251
177
   251
178
   251
179
     1
270
     2
271
     2
272
     2
273
     2
274
     3
340
72
275
     0
280
     0
281
     0
282
     0
283
     1
284
    11
285
    11
286
     0
287
     3
288
     1
  0
DIMSTYLE
105
161
330
A
100
AcDbSymbolTableRecord
100
AcDbDimStyleTableRecord
  2
ONSHAPE-SKETCHDRIVENDIMST2
 70
     0
  3

  4

  5

  6

  7

 40
25.4
 41
0.18
 42
0.0625
 43
0.38
 44
0.08
 45
0.0
 46
0.0
 47
0.0
 48
0.0
140
0.12
141
0.0
142
0.0
143
0.0393700787401575
144
25.4
145
0.0
146
1.0
147
0.09
 71
     0
 72
     0
 73
     1
 74
     1
 75
     0
 76
     0
 77
     0
 78
    11
170
     0
171
     3
172
     0
173
     0
174
     0
175
     0
176
   251
177
   251
178
   251
179
     1
270
     2
271
     2
272
     2
273
     2
274
     3
340
72
275
     0
280
     0
281
     0
282
     0
283
     1
284
    11
285
    11
286
     0
287
     3
288
     1
  0
ENDTAB
  0
TABLE
  2
BLOCK_RECORD
  5
1
330
0
100
AcDbSymbolTable
 70
     0
  0
BLOCK_RECORD
  5
1F
330
1
100
AcDbSymbolTableRecord
100
AcDbBlockTableRecord
  2
*MODEL_SPACE
  0
BLOCK_RECORD
  5
1B
330
1
100
AcDbSymbolTableRecord
100
AcDbBlockTableRecord
  2
*PAPER_SPACE
  0
ENDTAB
  0
ENDSEC
  0
SECTION
  2
BLOCKS
  0
BLOCK
  5
20
330
1F
100
AcDbEntity
  8
0
100
AcDbBlockBegin
  2
*MODEL_SPACE
 70
     0
 10
0.0
 20
0.0
 30
0.0
  3
*MODEL_SPACE
  1

  0
ENDBLK
  5
21
330
1F
100
AcDbEntity
  8
0
100
AcDbBlockEnd
  0
BLOCK
  5
1C
330
1B
100
AcDbEntity
 67
     1
  8
0
100
AcDbBlockBegin
  2
*PAPER_SPACE
 70
     0
 10
0.0
 20
0.0
 30
0.0
  3
*PAPER_SPACE
  1

  0
ENDBLK
  5
1D
330
1B
100
AcDbEntity
 67
     1
  8
0
100
AcDbBlockEnd
  0
ENDSEC
  0
SECTION
  2
ENTITIES
  0
LINE
  5
75
330
1F
100
AcDbEntity
  8
VISIBLE
100
AcDbLine
 10
146.519590257082
 20
85.21163605890823
 30
0.0
 11
151.5243590945312
 21
85.21163605890823
 31
0.0
  0
LINE
  5
76
330
1F
100
AcDbEntity
  8
VISIBLE
100
AcDbLine
 10
146.4623708212554
 20
85.24649866458391
 30
0.0
 11
146.519590257082
 21
85.21163605890823
 31
0.0
  0
LINE
  5
77
330
1F
100
AcDbEntity
  8
VISIBLE
100
AcDbLine
 10
146.4623708212554
 20
85.24649866458391
 30
0.0
 11
151.5815785303578
 21
85.24649866458391
 31
0.0
  0
LINE
  5
78
330
1F
100
AcDbEntity
  8
VISIBLE
100
AcDbLine
 10
151.5815785303578
 20
85.24649866458391
 30
0.0
 11
151.5243590945312
 21
85.21163605890823
 31
0.0
  0
LINE
  5
79
330
1F
100
AcDbEntity
  8
VISIBLE
100
AcDbLine
 10
149.0219746758066
 20
85.21167828815962
 30
0.0
 11
149.0219746758066
 21
84.3914945523037
 31
0.0
  0
LINE
  5
7A
330
1F
100
AcDbEntity
  8
VISIBLE
100
AcDbLine
 10
152.4099176360059
 20
85.80429572674552
 30
0.0
 11
152.0219746758066
 21
85.53093715702636
 31
0.0
  0
LINE
  5
7B
330
1F
100
AcDbEntity
  8
VISIBLE
100
AcDbLine
 10
149.0219746758066
 20
90.42288221602998
 30
0.0
 11
149.0219746758066
 21
86.76555128192986
 31
0.0
  0
LINE
  5
7C
330
1F
100
AcDbEntity
  8
VISIBLE
100
AcDbLine
 10
152.0219746758066
 20
85.53093715702636
 30
0.0
 11
152.0219746758066
 21
85.05959172261437
 31
0.0
  0
LINE
  5
7D
330
1F
100
AcDbEntity
  8
VISIBLE
100
AcDbLine
 10
159.8601014502443
 20
79.48723374682766
 30
0.0
 11
159.3592336203718
 21
79.48723374682766
 31
0.0
  0
LINE
  5
7E
330
1F
100
AcDbEntity
  8
VISIBLE
100
AcDbLine
 10
138.6847157312415
 20
79.48723374682766
 30
0.0
 11
139.7918654072793
 21
78.80408890251559
 31
0.0
  0
LINE
  5
7F
330
1F
100
AcDbEntity
  8
VISIBLE
100
AcDbLine
 10
145.6340317156074
 20
85.80429572674552
 30
0.0
 11
146.0219746758066
 21
85.53093715702636
 31
0.0
  0
LINE
  5
80
330
1F
100
AcDbEntity
  8
VISIBLE
100
AcDbLine
 10
152.0219746758066
 20
85.53093715702636
 30
0.0
 11
152.0219746758066
 21
85.76943312106985
 31
0.0
  0
LINE
  5
81
330
1F
100
AcDbEntity
  8
VISIBLE
100
AcDbLine
 10
146.0219746758066
 20
85.53093715702636
 30
0.0
 11
146.0219746758066
 21
85.05959172261437
 31
0.0
  0
LINE
  5
82
330
1F
100
AcDbEntity
  8
VISIBLE
100
AcDbLine
 10
138.6847157312415
 20
79.48723374682766
 30
0.0
 11
138.1838479013689
 21
79.48723374682766
 31
0.0
  0
LINE
  5
83
330
1F
100
AcDbEntity
  8
VISIBLE
100
AcDbLine
 10
145.6340317156074
 20
85.80429572674552
 30
0.0
 11
152.4099176360059
 21
85.80429572674552
 31
0.0
  0
LINE
  5
84
330
1F
100
AcDbEntity
  8
VISIBLE
100
AcDbLine
 10
152.0219746758066
 20
85.76943312106985
 30
0.0
 11
146.0219746758066
 21
85.76943312106985
 31
0.0
  0
LINE
  5
85
330
1F
100
AcDbEntity
  8
VISIBLE
100
AcDbLine
 10
146.0219746758066
 20
85.76943312106985
 30
0.0
 11
146.0219746758066
 21
85.53093715702636
 31
0.0
  0
ARC
  5
86
330
1F
100
AcDbEntity
  8
VISIBLE
100
AcDbCircle
 10
153.8719729757885
 20
103.5885467254762
 30
0.0
 40
28.75744348243433
100
AcDbArc
 50
236.9389276920884
 51
240.7166305581857
  0
SPLINE
  5
87
330
1F
100
AcDbEntity
  8
VISIBLE
100
AcDbSpline
210
0.0
220
0.0
230
1.0
 70
     8
 71
     3
 72
     9
 73
     5
 74
     0
 42
0.000000001
 43
0.00000000048715
 40
0.0
 40
0.0
 40
0.0
 40
0.0
 40
0.9736245076307648
 40
1.0
 40
1.0
 40
1.0
 40
1.0
 10
159.3592336203718
 20
79.48723374682766
 30
0.0
 10
158.7313533651921
 20
79.10268257182844
 30
0.0
 10
158.086463831025
 20
78.70771390373793
 30
0.0
 10
158.0800279313844
 20
78.70422152638088
 30
0.0
 10
158.0798581813626
 20
78.70412941320855
 30
0.0
  0
ARC
  5
88
330
1F
100
AcDbEntity
  8
VISIBLE
100
AcDbCircle
 10
144.2290446172953
 20
103.4956740509287
 30
0.0
 40
28.64847541406818
100
AcDbArc
 50
298.9115483450332
 51
303.0667457550632
  0
ELLIPSE
  5
89
330
1F
100
AcDbEntity
  8
VISIBLE
100
AcDbEllipse
 10
148.0308168071861
 20
79.17655921251612
 30
0.0
 11
11.83339480505631
 21
2.627541474410645E-15
 31
0.0
210
0.0
220
0.0
230
-1.0
 40
0.9961946980917458
 41
11.07943192036343
 42
12.54001322684865
  0
ELLIPSE
  5
8A
330
1F
100
AcDbEntity
  8
VISIBLE
100
AcDbEllipse
 10
150.0131325444272
 20
79.17655921251612
 30
0.0
 11
-11.83339480505631
 21
-2.627541474410645E-15
 31
0.0
210
0.0
220
0.0
230
1.0
 40
0.9961946980917458
 41
11.07943192036343
 42
12.54001322684865
  0
ELLIPSE
  5
8B
330
1F
100
AcDbEntity
  8
VISIBLE
100
AcDbEllipse
 10
150.0131325444272
 20
76.89307906110409
 30
0.0
 11
9.959625000392432
 21
2.211480998413602E-15
 31
0.0
210
0.0
220
0.0
230
-0.9999999999999999
 40
0.9961946980917454
 41
10.54032601668697
 42
10.89589169578215
  0
ELLIPSE
  5
8C
330
1F
100
AcDbEntity
  8
VISIBLE
100
AcDbEllipse
 10
150.0131325444272
 20
79.17655921251612
 30
0.0
 11
-11.33270863205734
 21
-2.516366810935664E-15
 31
0.0
210
0.0
220
0.0
230
1.0
 40
0.9961946980917455
 41
11.08314610034104
 42
12.53884845305958
  0
ELLIPSE
  5
8D
330
1F
100
AcDbEntity
  8
VISIBLE
100
AcDbEllipse
 10
148.0308168071861
 20
79.17655921251612
 30
0.0
 11
11.33270863205734
 21
2.516366810935664E-15
 31
0.0
210
0.0
220
0.0
230
-1.0
 40
0.9961946980917455
 41
11.08314610034104
 42
12.53884845305958
  0
ELLIPSE
  5
8E
330
1F
100
AcDbEntity
  8
VISIBLE
100
AcDbEllipse
 10
148.0308168071861
 20
75.41143112581729
 30
0.0
 11
9.068692567029965
 21
2.013654258232736E-15
 31
0.0
210
0.0
220
0.0
230
-1.0
 40
0.9961946980917458
 41
11.10508751901142
 42
12.05522052956172
  0
ELLIPSE
  5
8F
330
1F
100
AcDbEntity
  8
VISIBLE
100
AcDbEllipse
 10
148.0308168071861
 20
76.89307906110409
 30
0.0
 11
-9.959625000392432
 21
-2.211480998413602E-15
 31
0.0
210
0.0
220
0.0
230
0.9999999999999999
 40
0.9961946980917454
 41
10.54032601668697
 42
10.89589169578215
  0
ELLIPSE
  5
90
330
1F
100
AcDbEntity
  8
VISIBLE
100
AcDbEllipse
 10
148.0308168071861
 20
76.33528199894246
 30
0.0
 11
-9.624215027430203
 21
-2.137005023479288E-15
 31
0.0
210
0.0
220
0.0
230
1.0
 40
0.9961946980917455
 41
10.56796166337917
 42
10.61770555257444
  0
ELLIPSE
  5
91
330
1F
100
AcDbEntity
  8
VISIBLE
100
AcDbEllipse
 10
150.0131325444272
 20
76.33528199894246
 30
0.0
 11
9.624215027430203
 21
2.137005023479288E-15
 31
0.0
210
0.0
220
0.0
230
-1.0
 40
0.9961946980917455
 41
10.56796166337917
 42
10.61770555257444
  0
ELLIPSE
  5
92
330
1F
100
AcDbEntity
  8
VISIBLE
100
AcDbEllipse
 10
150.0131325444272
 20
75.41143112581729
 30
0.0
 11
-9.068692567029965
 21
-2.013654258232736E-15
 31
0.0
210
0.0
220
0.0
230
1.0
 40
0.9961946980917458
 41
11.10508751901141
 42
12.06841594391324
  0
LINE
  5
93
330
1F
100
AcDbEntity
  8
VISIBLE
100
AcDbLine
 10
148.9440190272915
 20
71.58855416447877
 30
0.0
 11
148.9440190272916
 21
73.85262226425327
 31
0.0
  0
LINE
  5
94
330
1F
100
AcDbEntity
  8
VISIBLE
100
AcDbLine
 10
155.8309415711222
 20
79.7608072662335
 30
0.0
 11
155.5329023836472
 21
79.50161458685258
 31
0.0
  0
LINE
  5
95
330
1F
100
AcDbEntity
  8
VISIBLE
100
AcDbLine
 10
139.5774361572787
 20
81.76563065187996
 30
0.0
 11
140.0822874210137
 21
81.76563065187996
 31
0.0
  0
LINE
  5
96
330
1F
100
AcDbEntity
  8
VISIBLE
100
AcDbLine
 10
157.8057506335694
 20
81.76563065187996
 30
0.0
 11
158.3106018973045
 21
81.76563065187996
 31
0.0
  0
SPLINE
  5
97
330
1F
100
AcDbEntity
  8
VISIBLE
100
AcDbSpline
210
0.0
220
0.0
230
1.0
 70
     8
 71
     3
 72
    10
 73
     6
 74
     0
 42
0.000000001
 43
0.0000000004464654
 40
0.0
 40
0.0
 40
0.0
 40
0.0
 40
0.3664306563624202
 40
0.712741172224359
 40
1.0
 40
1.0
 40
1.0
 40
1.0
 10
140.0822874210137
 20
81.76563065187996
 30
0.0
 10
140.3686757328896
 20
81.4473982903593
 30
0.0
 10
140.9257272174571
 20
80.82840721400778
 30
0.0
 10
141.7497699787514
 20
80.02812332696672
 30
0.0
 10
142.1662875834088
 20
79.66586269327911
 30
0.0
 10
142.355135670936
 20
79.50161458685258
 30
0.0
  0
ARC
  5
98
330
1F
100
AcDbEntity
  8
VISIBLE
100
AcDbCircle
 10
140.5800245930444
 20
96.75843564751335
 30
0.0
 40
22.83658992188436
100
AcDbArc
 50
311.8996587797269
 51
318.9645725087296
  0
ARC
  5
99
330
1F
100
AcDbEntity
  8
VISIBLE
100
AcDbCircle
 10
148.996757871739
 20
80.5812097708382
 30
0.0
 40
6.728794187630085
100
AcDbArc
 50
189.2326730661559
 51
269.5509233812809
  0
ARC
  5
9A
330
1F
100
AcDbEntity
  8
VISIBLE
100
AcDbCircle
 10
148.8912801828442
 20
80.5812097708382
 30
0.0
 40
6.728794187630087
100
AcDbArc
 50
270.4490766187191
 51
350.7673269338441
  0
ARC
  5
9B
330
1F
100
AcDbEntity
  8
VISIBLE
100
AcDbCircle
 10
148.8912801828442
 20
80.5812097708382
 30
0.0
 40
9.493496425656428
100
AcDbArc
 50
270.3182946103414
 51
7.166970917750854
  0
ARC
  5
9C
330
1F
100
AcDbEntity
  8
VISIBLE
100
AcDbCircle
 10
148.996757871739
 20
80.5812097708382
 30
0.0
 40
8.992810252657465
100
AcDbArc
 50
172.4317245494957
 51
269.6639837337178
  0
ARC
  5
9D
330
1F
100
AcDbEntity
  8
VISIBLE
100
AcDbCircle
 10
148.996757871739
 20
80.5812097708382
 30
0.0
 40
9.493496425656428
100
AcDbArc
 50
172.8330290822492
 51
269.6817053896572
  0
ARC
  5
9E
330
1F
100
AcDbEntity
  8
VISIBLE
100
AcDbCircle
 10
148.8912801828442
 20
80.5812097708382
 30
0.0
 40
8.992810252657469
100
AcDbArc
 50
270.3360162662808
 51
7.568275450504321
  0
LINE
  5
A1
330
1F
100
AcDbEntity
  8
VISIBLE
100
AcDbLine
 10
278.2053807965995
 20
87.80174227394677
 30
0.0
 11
271.4312497954819
 21
88.39440194178407
 31
0.0
  0
LINE
  5
A2
330
1F
100
AcDbEntity
  8
VISIBLE
100
AcDbLine
 10
278.2053807965995
 20
87.80174227394677
 30
0.0
 11
277.9922497281334
 21
85.36564301403575
 31
0.0
  0
LINE
  5
A3
330
1F
100
AcDbEntity
  8
VISIBLE
100
AcDbLine
 10
271.2524701609627
 20
86.35094136856037
 30
0.0
 11
277.9922497281334
 21
85.36564301403575
 31
0.0
  0
LINE
  5
A4
330
1F
100
AcDbEntity
  8
VISIBLE
100
AcDbLine
 10
278.075514374354
 20
86.31736227530862
 30
0.0
 11
288.1898683598251
 21
84.89312285495963
 31
0.0
  0
LINE
  5
A5
330
1F
100
AcDbEntity
  8
VISIBLE
100
AcDbLine
 10
271.4312497954819
 20
88.39440194178407
 30
0.0
 11
271.2524701609627
 21
86.35094136856037
 31
0.0
  0
LINE
  5
A6
330
1F
100
AcDbEntity
  8
VISIBLE
100
AcDbLine
 10
244.3518973647127
 20
79.48723374682766
 30
0.0
 11
287.5848303240161
 21
77.97750646050363
 31
0.0
  0
SPLINE
  5
A7
330
1F
100
AcDbEntity
  8
VISIBLE
100
AcDbSpline
210
0.0
220
0.0
230
1.0
 70
     8
 71
     3
 72
     9
 73
     5
 74
     0
 42
0.000000001
 43
0.0000000008826103
 40
0.0
 40
0.0
 40
0.0
 40
0.0
 40
0.7101520709828235
 40
1.0
 40
1.0
 40
1.0
 40
1.0
 10
245.3524410293371
 20
90.92350016468176
 30
0.0
 10
254.3359105623428
 20
89.65910949515492
 30
0.0
 10
266.9859751049596
 20
87.87865891113145
 30
0.0
 10
270.3558402756631
 20
87.40421673150378
 30
0.0
 10
271.3325887164586
 20
87.26670064830031
 30
0.0
  0
LINE
  5
A8
330
1F
100
AcDbEntity
  8
VISIBLE
100
AcDbLine
 10
245.3524410293371
 20
90.92350016468176
 30
0.0
 11
244.3518973647126
 21
79.48723374682766
 31
0.0
  0
LINE
  5
A9
330
1F
100
AcDbEntity
  8
VISIBLE
100
AcDbLine
 10
288.1898683598251
 20
84.89312285495963
 30
0.0
 11
287.5848303240161
 21
77.97750646050365
 31
0.0
  0
SPLINE
  5
AA
330
1F
100
AcDbEntity
  8
VISIBLE
100
AcDbSpline
210
0.0
220
0.0
230
1.0
 70
     8
 71
     3
 72
     9
 73
     5
 74
     0
 42
0.000000001
 43
0.0000000009171179
 40
0.0
 40
0.0
 40
0.0
 40
0.0
 40
0.4582524379522731
 40
1.0
 40
1.0
 40
1.0
 40
1.0
 10
244.4299438131593
 20
71.08785983531818
 30
0.0
 10
250.1852024211332
 20
71.38948486896075
 30
0.0
 10
262.7443469696961
 20
72.04769202436702
 30
0.0
 10
278.8855087630124
 20
72.89363450201938
 30
0.0
 10
287.6299438131593
 20
73.35192177692016
 30
0.0
  0
LINE
  5
AB
330
1F
100
AcDbEntity
  8
VISIBLE
100
AcDbLine
 10
287.6299438131593
 20
78.49315600096975
 30
0.0
 11
287.6299438131593
 21
73.35192177692016
 31
0.0
  0
LINE
  5
AC
330
1F
100
AcDbEntity
  8
VISIBLE
100
AcDbLine
 10
244.4299438131593
 20
81.76563065187996
 30
0.0
 11
244.4299438131593
 21
80.37930873461737
 31
0.0
  0
LINE
  5
AD
330
1F
100
AcDbEntity
  8
VISIBLE
100
AcDbLine
 10
244.4299438131593
 20
79.46832042121918
 30
0.0
 11
244.4299438131593
 21
71.0878598353182
 31
0.0
  0
LINE
  5
B0
330
1F
100
AcDbEntity
  8
VISIBLE
100
AcDbLine
 10
151.9219746758066
 20
171.0546999193336
 30
0.0
 11
146.1219746758067
 21
171.0546999193336
 31
0.0
  0
LINE
  5
B1
330
1F
100
AcDbEntity
  8
VISIBLE
100
AcDbLine
 10
152.4219746758066
 20
172.6377261207928
 30
0.0
 11
152.4219746758066
 21
165.8635951196753
 31
0.0
  0
LINE
  5
B2
330
1F
100
AcDbEntity
  8
VISIBLE
100
AcDbLine
 10
145.6219746758066
 20
172.6377261207928
 30
0.0
 11
152.4219746758066
 21
172.6377261207928
 31
0.0
  0
LINE
  5
B3
330
1F
100
AcDbEntity
  8
VISIBLE
100
AcDbLine
 10
145.6219746758066
 20
165.8635951196753
 30
0.0
 11
145.6219746758066
 21
172.6377261207928
 31
0.0
  0
LINE
  5
B4
330
1F
100
AcDbEntity
  8
VISIBLE
100
AcDbLine
 10
152.4219746758066
 20
165.8635951196753
 30
0.0
 11
152.4219746758066
 21
165.684815485156
 31
0.0
  0
LINE
  5
B5
330
1F
100
AcDbEntity
  8
VISIBLE
100
AcDbLine
 10
151.9219746758066
 20
171.0825897570128
 30
0.0
 11
146.1219746758067
 21
171.0825897570128
 31
0.0
  0
LINE
  5
B6
330
1F
100
AcDbEntity
  8
VISIBLE
100
AcDbLine
 10
151.9219746758066
 20
167.0978109646458
 30
0.0
 11
151.9219746758066
 21
171.0825897570128
 31
0.0
  0
LINE
  5
B7
330
1F
100
AcDbEntity
  8
VISIBLE
100
AcDbLine
 10
145.6219746758066
 20
165.8635951196753
 30
0.0
 11
145.6219746758067
 21
165.684815485156
 31
0.0
  0
LINE
  5
B8
330
1F
100
AcDbEntity
  8
VISIBLE
100
AcDbLine
 10
145.6219746758066
 20
165.8635951196753
 30
0.0
 11
152.4219746758066
 21
165.8635951196753
 31
0.0
  0
LINE
  5
B9
330
1F
100
AcDbEntity
  8
VISIBLE
100
AcDbLine
 10
146.1219746758067
 20
167.0978109646458
 30
0.0
 11
146.1219746758067
 21
171.0825897570128
 31
0.0
  0
LINE
  5
BA
330
1F
100
AcDbEntity
  8
VISIBLE
100
AcDbLine
 10
138.6847157312415
 20
138.784242688906
 30
0.0
 11
138.1838479013689
 21
138.784242688906
 31
0.0
  0
LINE
  5
BB
330
1F
100
AcDbEntity
  8
VISIBLE
100
AcDbLine
 10
149.0219746758066
 20
172.6377263783667
 30
0.0
 11
149.0219746758066
 21
182.6222136840184
 31
0.0
  0
LINE
  5
BC
330
1F
100
AcDbEntity
  8
VISIBLE
100
AcDbLine
 10
149.0219746758066
 20
139.7847863535304
 30
0.0
 11
149.0219746758066
 21
165.7649340406519
 31
0.0
  0
LINE
  5
BD
330
1F
100
AcDbEntity
  8
VISIBLE
100
AcDbLine
 10
159.8601014502443
 20
138.784242688906
 30
0.0
 11
159.3592336203718
 21
138.784242688906
 31
0.0
  0
LINE
  5
BE
330
1F
100
AcDbEntity
  8
VISIBLE
100
AcDbLine
 10
151.9219746758066
 20
167.0978109646458
 30
0.0
 11
146.1219746758067
 21
167.0978109646458
 31
0.0
  0
ARC
  5
BF
330
1F
100
AcDbEntity
  8
VISIBLE
100
AcDbCircle
 10
3027.813047718375
 20
-14.17699745240842
 30
0.0
 40
2893.674835467979
100
AcDbArc
 50
176.1123038667237
 51
176.9699013905471
  0
ARC
  5
C0
330
1F
100
AcDbEntity
  8
VISIBLE
100
AcDbCircle
 10
-2729.769098366709
 20
-14.17699745240517
 30
0.0
 40
2893.674835467927
100
AcDbArc
 50
3.030098609452895
 51
3.887696133276296
  0
ELLIPSE
  5
C1
330
1F
100
AcDbEntity
  8
VISIBLE
100
AcDbEllipse
 10
150.0131325444272
 20
181.792673146671
 30
0.0
 11
9.569378740028927
 21
-1.858984425814384E-16
 31
0.0
210
0.0
220
0.0
230
1.0
 40
0.0871557427476582
 41
1.674558409361745
 42
2.869052022572216
  0
ELLIPSE
  5
C2
330
1F
100
AcDbEntity
  8
VISIBLE
100
AcDbEllipse
 10
150.0131325444272
 20
164.8573597520645
 30
0.0
 11
-10.46031117339139
 21
2.032060396895526E-16
 31
0.0
210
0.0
220
0.0
230
-0.9999999999999999
 40
0.0871557427476583
 41
1.13757988196928
 42
1.475899813979922
  0
ELLIPSE
  5
C3
330
1F
100
AcDbEntity
  8
VISIBLE
100
AcDbEllipse
 10
148.0308168071861
 20
138.7570621891075
 30
0.0
 11
-11.83339480505631
 21
2.298800919551234E-16
 31
0.0
210
0.0
220
0.0
230
-1.0
 40
0.0871557427476583
 41
1.654653959594055
 42
3.115235266079269
  0
ELLIPSE
  5
C4
330
1F
100
AcDbEntity
  8
VISIBLE
100
AcDbEllipse
 10
148.0308168071861
 20
138.7570621891075
 30
0.0
 11
-11.33270863205734
 21
2.201535692297529E-16
 31
0.0
210
0.0
220
0.0
230
-1.0
 40
0.0871557427476583
 41
1.658368139571662
 42
3.114070492290205
  0
ELLIPSE
  5
C5
330
1F
100
AcDbEntity
  8
VISIBLE
100
AcDbEllipse
 10
150.0131325444272
 20
138.7570621891075
 30
0.0
 11
11.83339480505631
 21
-2.298800919551234E-16
 31
0.0
210
0.0
220
0.0
230
1.0
 40
0.0871557427476583
 41
1.654653959594055
 42
3.115235266079269
  0
ELLIPSE
  5
C6
330
1F
100
AcDbEntity
  8
VISIBLE
100
AcDbEllipse
 10
148.0308168071861
 20
164.8573597520645
 30
0.0
 11
10.46031117339139
 21
-2.032060396895526E-16
 31
0.0
210
0.0
220
0.0
230
0.9999999999999999
 40
0.0871557427476583
 41
1.137579881969281
 42
1.475899813979922
  0
ELLIPSE
  5
C7
330
1F
100
AcDbEntity
  8
VISIBLE
100
AcDbEllipse
 10
150.0131325444272
 20
138.7570621891075
 30
0.0
 11
11.33270863205734
 21
-2.201535692297529E-16
 31
0.0
210
0.0
220
0.0
230
1.0
 40
0.0871557427476583
 41
1.658368139571662
 42
3.114070492290205
  0
ELLIPSE
  5
C8
330
1F
100
AcDbEntity
  8
VISIBLE
100
AcDbEllipse
 10
148.0308168071861
 20
181.792673146671
 30
0.0
 11
-9.569378740028927
 21
1.858984425814384E-16
 31
0.0
210
0.0
220
0.0
230
-1.0
 40
0.0871557427476582
 41
1.674558409361745
 42
2.869052022572211
  0
LINE
  5
C9
330
1F
100
AcDbEntity
  8
VISIBLE
100
AcDbLine
 10
148.9440190272915
 20
138.8622891373527
 30
0.0
 11
148.9440190272915
 21
139.7390656705183
 31
0.0
  0
LINE
  5
CA
330
1F
100
AcDbEntity
  8
VISIBLE
100
AcDbLine
 10
148.9440190272916
 20
167.0978110461447
 30
0.0
 11
148.9440190272916
 21
171.0547000028281
 31
0.0
  0
LINE
  5
CB
330
1F
100
AcDbEntity
  8
VISIBLE
100
AcDbLine
 10
157.8057506335694
 20
138.8622891373527
 30
0.0
 11
157.7890494834774
 21
139.2257667746823
 31
0.0
  0
LINE
  5
CC
330
1F
100
AcDbEntity
  8
VISIBLE
100
AcDbLine
 10
139.5774361572787
 20
138.8622891373527
 30
0.0
 11
140.0822874210137
 21
138.8622891373527
 31
0.0
  0
LINE
  5
CD
330
1F
100
AcDbEntity
  8
VISIBLE
100
AcDbLine
 10
157.8057506335694
 20
138.8622891373527
 30
0.0
 11
158.3106018973045
 21
138.8622891373527
 31
0.0
  0
LINE
  5
CE
330
1F
100
AcDbEntity
  8
VISIBLE
100
AcDbLine
 10
158.3847766085006
 20
138.8622891373527
 30
0.0
 11
158.3690872146481
 21
139.1616606059992
 31
0.0
  0
LINE
  5
CF
330
1F
100
AcDbEntity
  8
VISIBLE
100
AcDbLine
 10
139.5172688532106
 20
139.1295663874035
 30
0.0
 11
139.5032614460825
 21
138.8622891373527
 31
0.0
  0
LINE
  5
D0
330
1F
100
AcDbEntity
  8
VISIBLE
100
AcDbLine
 10
140.0822874210137
 20
138.8622891373527
 30
0.0
 11
148.9440190272915
 21
138.8622891373527
 31
0.0
  0
LINE
  5
D1
330
1F
100
AcDbEntity
  8
VISIBLE
100
AcDbLine
 10
158.3106018973045
 20
138.8622891373527
 30
0.0
 11
158.3847766085006
 21
138.8622891373527
 31
0.0
  0
LINE
  5
D2
330
1F
100
AcDbEntity
  8
VISIBLE
100
AcDbLine
 10
157.8057506335694
 20
138.8622891373527
 30
0.0
 11
148.9440190272915
 21
138.8622891373527
 31
0.0
  0
LINE
  5
D3
330
1F
100
AcDbEntity
  8
VISIBLE
100
AcDbLine
 10
139.5774361572787
 20
138.8622891373527
 30
0.0
 11
139.5032614460825
 21
138.8622891373527
 31
0.0
  0
LINE
  5
D6
330
1F
100
AcDbEntity
  8
VISIBLE
100
AcDbLine
 10
269.0198651796802
 20
170.3573528323339
 30
0.0
 11
271.5688923746272
 21
171.5715234482377
 31
0.0
  0
LINE
  5
D7
330
1F
100
AcDbEntity
  8
VISIBLE
100
AcDbLine
 10
272.4869545711896
 20
169.8864816772634
 30
0.0
 11
274.3250364636519
 21
168.8252646148701
 31
0.0
  0
LINE
  5
D8
330
1F
100
AcDbEntity
  8
VISIBLE
100
AcDbLine
 10
272.2560184014642
 20
171.1748110565405
 30
0.0
 11
272.1639846915634
 21
169.9069879952056
 31
0.0
  0
LINE
  5
D9
330
1F
100
AcDbEntity
  8
VISIBLE
100
AcDbLine
 10
267.5446735783455
 20
170.2894873002752
 30
0.0
 11
267.4182572864389
 21
168.5480222394808
 31
0.0
  0
LINE
  5
DA
330
1F
100
AcDbEntity
  8
VISIBLE
100
AcDbLine
 10
271.5886134679764
 20
171.8431940890254
 30
0.0
 11
271.5688923746272
 21
171.5715234482377
 31
0.0
  0
LINE
  5
DB
330
1F
100
AcDbEntity
  8
VISIBLE
100
AcDbLine
 10
272.352999690414
 20
167.5133989591607
 30
0.0
 11
272.2265833985074
 21
165.7719338983664
 31
0.0
  0
LINE
  5
DC
330
1F
100
AcDbEntity
  8
VISIBLE
100
AcDbLine
 10
272.2265833985074
 20
165.7719338983664
 30
0.0
 11
276.9923272341564
 21
167.7189446084334
 31
0.0
  0
LINE
  5
DD
330
1F
100
AcDbEntity
  8
VISIBLE
100
AcDbLine
 10
278.028743335336
 20
173.1391359469002
 30
0.0
 11
274.0693536198556
 21
171.5696117060623
 31
0.0
  0
LINE
  5
DE
330
1F
100
AcDbEntity
  8
VISIBLE
100
AcDbLine
 10
267.4470375370939
 20
168.9444885509086
 30
0.0
 11
246.6789368411474
 21
160.711897212146
 31
0.0
  0
LINE
  5
DF
330
1F
100
AcDbEntity
  8
VISIBLE
100
AcDbLine
 10
251.5083341105716
 20
160.3198142286386
 30
0.0
 11
263.3024671454026
 21
165.212410875093
 31
0.0
  0
LINE
  5
E0
330
1F
100
AcDbEntity
  8
VISIBLE
100
AcDbLine
 10
275.9755615120932
 20
170.4690826033568
 30
0.0
 11
281.7989694645456
 21
172.8843380044631
 31
0.0
  0
LINE
  5
E1
330
1F
100
AcDbEntity
  8
VISIBLE
100
AcDbLine
 10
272.8721686932473
 20
168.1332243890475
 30
0.0
 11
268.7709493623654
 21
170.501064444704
 31
0.0
  0
LINE
  5
E2
330
1F
100
AcDbEntity
  8
VISIBLE
100
AcDbLine
 10
258.4645558380068
 20
146.1490248337843
 30
0.0
 11
258.1103887990257
 21
146.3535032665708
 31
0.0
  0
LINE
  5
E3
330
1F
100
AcDbEntity
  8
VISIBLE
100
AcDbLine
 10
243.4912970018591
 20
154.7938397474793
 30
0.0
 11
244.1392076814111
 21
155.1048323950358
 31
0.0
  0
LINE
  5
E4
330
1F
100
AcDbEntity
  8
VISIBLE
100
AcDbLine
 10
277.1430336579502
 20
169.7950217304252
 30
0.0
 11
272.352999690414
 21
167.5133989591607
 31
0.0
  0
LINE
  5
E5
330
1F
100
AcDbEntity
  8
VISIBLE
100
AcDbLine
 10
270.780348103299
 20
169.3410116015625
 30
0.0
 11
272.1639846915634
 21
169.9069879952056
 31
0.0
  0
LINE
  5
E6
330
1F
100
AcDbEntity
  8
VISIBLE
100
AcDbLine
 10
275.4211958881943
 20
169.3473950049513
 30
0.0
 11
271.5688923746272
 21
171.5715234482377
 31
0.0
  0
LINE
  5
E7
330
1F
100
AcDbEntity
  8
VISIBLE
100
AcDbLine
 10
268.7709493623654
 20
170.501064444704
 30
0.0
 11
271.5886134679764
 21
171.8431940890254
 31
0.0
  0
LINE
  5
E8
330
1F
100
AcDbEntity
  8
VISIBLE
100
AcDbLine
 10
267.5446735783455
 20
170.2894873002752
 30
0.0
 11
272.352999690414
 21
167.5133989591607
 31
0.0
  0
LINE
  5
E9
330
1F
100
AcDbEntity
  8
VISIBLE
100
AcDbLine
 10
272.8721686932473
 20
168.1332243890475
 30
0.0
 11
275.6898327988584
 21
169.4753540333689
 31
0.0
  0
LINE
  5
EA
330
1F
100
AcDbEntity
  8
VISIBLE
100
AcDbLine
 10
275.6898327988584
 20
169.4753540333689
 30
0.0
 11
271.5886134679764
 21
171.8431940890254
 31
0.0
  0
LINE
  5
EB
330
1F
100
AcDbEntity
  8
VISIBLE
100
AcDbLine
 10
267.5446735783455
 20
170.2894873002752
 30
0.0
 11
272.3347075458818
 21
172.5711100715397
 31
0.0
  0
LINE
  5
EC
330
1F
100
AcDbEntity
  8
VISIBLE
100
AcDbLine
 10
277.1430336579502
 20
169.7950217304252
 30
0.0
 11
276.9923272341564
 21
167.7189446084334
 31
0.0
  0
LINE
  5
ED
330
1F
100
AcDbEntity
  8
VISIBLE
100
AcDbLine
 10
243.4912970018591
 20
154.7938397474793
 30
0.0
 11
243.137129962878
 21
154.9983181802658
 31
0.0
  0
LINE
  5
EE
330
1F
100
AcDbEntity
  8
VISIBLE
100
AcDbLine
 10
272.3347075458818
 20
172.5711100715397
 30
0.0
 11
277.1430336579502
 21
169.7950217304252
 31
0.0
  0
SPLINE
  5
EF
330
1F
100
AcDbEntity
  8
VISIBLE
100
AcDbSpline
210
0.0
220
0.0
230
1.0
 70
     8
 71
     3
 72
     9
 73
     5
 74
     0
 42
0.000000001
 43
0.0000000010386982
 40
0.0
 40
0.0
 40
0.0
 40
0.0
 40
0.551087343810999
 40
1.0
 40
1.0
 40
1.0
 40
1.0
 10
263.3024671454026
 20
165.212410875093
 30
0.0
 10
264.6875593034082
 20
165.7869604669248
 30
0.0
 10
267.2009397567265
 20
166.8295349304545
 30
0.0
 10
269.0493140863986
 20
167.5962241591553
 30
0.0
 10
269.8790727163632
 20
167.9404006572829
 30
0.0
  0
ARC
  5
F0
330
1F
100
AcDbEntity
  8
VISIBLE
100
AcDbCircle
 10
-1271.989523385886
 20
2696.278225201443
 30
0.0
 40
2974.129894133887
100
AcDbArc
 50
300.9699770462273
 51
301.2799973476317
  0
SPLINE
  5
F1
330
1F
100
AcDbEntity
  8
VISIBLE
100
AcDbSpline
210
0.0
220
0.0
230
1.0
 70
     8
 71
     3
 72
    10
 73
     6
 74
     0
 42
0.000000001
 43
0.0000000010815358
 40
0.0
 40
0.0
 40
0.0
 40
0.0
 40
0.1719748707142185
 40
0.5862400879093065
 40
1.0
 40
1.0
 40
1.0
 40
1.0
 10
272.2405149313117
 20
154.4674108527995
 30
0.0
 10
272.5472549656072
 20
154.6537239575621
 30
0.0
 10
273.5928920631896
 20
155.2888412305745
 30
0.0
 10
280.7196011592274
 20
159.6342832336204
 30
0.0
 10
285.0321494592197
 20
162.3005743182985
 30
0.0
 10
287.1871077357044
 20
163.6329063041117
 30
0.0
  0
ELLIPSE
  5
F2
330
1F
100
AcDbEntity
  8
VISIBLE
100
AcDbEllipse
 10
274.4464402955768
 20
160.8426285187194
 30
0.0
 11
-4.138740555674856
 21
8.688863073326999
 31
0.0
210
0.0
220
0.0
230
-0.9999999999999999
 40
0.6254726715545254
 41
0.3101739799032878
 42
0.3599178690985545
  0
ELLIPSE
  5
F3
330
1F
100
AcDbEntity
  8
VISIBLE
100
AcDbEllipse
 10
281.9132501754461
 20
164.3992720761711
 30
0.0
 11
4.115159082698259
 21
-8.639356179380711
 31
0.0
210
0.0
220
0.0
230
1.0
 40
0.6254726715545254
 41
2.50756813206825
 42
3.099568367753384
  0
ELLIPSE
  5
F4
330
1F
100
AcDbEntity
  8
VISIBLE
100
AcDbEllipse
 10
269.9381752326004
 20
158.6952198998461
 30
0.0
 11
-4.498290401337126
 21
9.443701250538117
 31
0.0
210
0.0
220
0.0
230
-1.0
 40
0.6254726715545257
 41
0.3045701592627719
 42
0.6428900912734158
  0
ELLIPSE
  5
F5
330
1F
100
AcDbEntity
  8
VISIBLE
100
AcDbEllipse
 10
250.0807689345908
 20
150.7135489184651
 30
0.0
 11
-5.088763172000304
 21
10.6833385227478
 31
0.0
210
0.0
220
0.0
230
-1.0
 40
0.6254726715545256
 41
0.8216442368875462
 42
2.282225543372762
  0
ELLIPSE
  5
F6
330
1F
100
AcDbEntity
  8
VISIBLE
100
AcDbEllipse
 10
250.0807689345908
 20
150.7135489184651
 30
0.0
 11
-4.873451048990749
 21
10.23131271207161
 31
0.0
210
0.0
220
0.0
230
-0.9999999999999998
 40
0.6254726715545251
 41
0.8253584168651513
 42
2.281060769583696
  0
ELLIPSE
  5
F7
330
1F
100
AcDbEntity
  8
VISIBLE
100
AcDbEllipse
 10
251.4824778348469
 20
149.9042719175
 30
0.0
 11
5.088763172000304
 21
-10.6833385227478
 31
0.0
210
0.0
220
0.0
230
1.0
 40
0.6254726715545256
 41
8.77084898948015
 42
10.23143029596537
  0
ELLIPSE
  5
F8
330
1F
100
AcDbEntity
  8
VISIBLE
100
AcDbEllipse
 10
268.5364663323444
 20
159.5044969008113
 30
0.0
 11
4.498290401337126
 21
-9.443701250538117
 31
0.0
210
0.0
220
0.0
230
1.0
 40
0.6254726715545257
 41
1.97058960467579
 42
2.308909536686433
  0
ELLIPSE
  5
F9
330
1F
100
AcDbEntity
  8
VISIBLE
100
AcDbEllipse
 10
251.4824778348469
 20
149.9042719175
 30
0.0
 11
4.873451048990749
 21
-10.23131271207161
 31
0.0
210
0.0
220
0.0
230
0.9999999999999998
 40
0.6254726715545251
 41
8.774563169457757
 42
10.2302655221763
  0
ELLIPSE
  5
FA
330
1F
100
AcDbEntity
  8
VISIBLE
100
AcDbEllipse
 10
280.51154127519
 20
165.2085490771363
 30
0.0
 11
-4.115159082698259
 21
8.639356179380711
 31
0.0
210
0.0
220
0.0
230
-1.0
 40
0.6254726715545254
 41
0.8415486866552354
 42
2.036042299865707
  0
LINE
  5
FB
330
1F
100
AcDbEntity
  8
VISIBLE
100
AcDbLine
 10
244.1777328417579
 20
156.3215537872975
 30
0.0
 11
251.6079122248248
 21
159.7935976010519
 31
0.0
  0
LINE
  5
FC
330
1F
100
AcDbEntity
  8
VISIBLE
100
AcDbLine
 10
271.4460296821898
 20
168.95699901165
 30
0.0
 11
272.9265686624714
 21
169.6330444472515
 31
0.0
  0
LINE
  5
FD
330
1F
100
AcDbEntity
  8
VISIBLE
100
AcDbLine
 10
250.8009071056897
 20
144.1881141832665
 30
0.0
 11
257.1079251775114
 21
148.2111506796456
 31
0.0
  0
LINE
  5
FE
330
1F
100
AcDbEntity
  8
VISIBLE
100
AcDbLine
 10
257.067097617544
 20
148.8798756555624
 30
0.0
 11
257.9059510129588
 21
149.3577354409219
 31
0.0
  0
LINE
  5
FF
330
1F
100
AcDbEntity
  8
VISIBLE
100
AcDbLine
 10
244.1777328417579
 20
156.3215537872975
 30
0.0
 11
244.5347165938355
 21
156.1154491244664
 31
0.0
  0
LINE
  5
100
330
1F
100
AcDbEntity
  8
VISIBLE
100
AcDbLine
 10
257.067097617544
 20
148.8798756555623
 30
0.0
 11
257.4240813696216
 21
148.6737709927312
 31
0.0
  0
LINE
  5
101
330
1F
100
AcDbEntity
  8
VISIBLE
100
AcDbLine
 10
244.5347165938355
 20
156.1154491244664
 30
0.0
 11
251.9109931970885
 21
159.5643740886073
 31
0.0
  0
LINE
  5
102
330
1F
100
AcDbEntity
  8
VISIBLE
100
AcDbLine
 10
271.8017434496814
 20
168.7514839001942
 30
0.0
 11
273.2829531329234
 21
169.4271941412732
 31
0.0
  0
LINE
  5
103
330
1F
100
AcDbEntity
  8
VISIBLE
100
AcDbLine
 10
257.4240813696216
 20
148.6737709927312
 30
0.0
 11
257.9586172160854
 21
148.9784458653085
 31
0.0
  0
LINE
  5
104
330
1F
100
AcDbEntity
  8
VISIBLE
100
AcDbLine
 10
255.6830073405482
 20
143.4377139956794
 30
0.0
 11
272.2384958109656
 21
154.4684500636359
 31
0.0
  0
ELLIPSE
  5
105
330
1F
100
AcDbEntity
  8
VISIBLE
100
AcDbEllipse
 10
250.8381991002305
 20
151.5090562415126
 30
0.0
 11
4.496405084978286
 21
-7.788002154088212
 31
0.0
210
0.0
220
0.0
230
0.9999999999999999
 40
0.5773502727292967
 41
10.078084808054
 42
11.77510786997117
  0
ELLIPSE
  5
106
330
1F
100
AcDbEntity
  8
VISIBLE
100
AcDbEllipse
 10
250.8381991002305
 20
151.5090562415126
 30
0.0
 11
4.746748169175531
 21
-8.221609100558121
 31
0.0
210
0.0
220
0.0
230
1.0
 40
0.5773502727292965
 41
10.08508889345373
 42
11.77541717121622
  0
ELLIPSE
  5
107
330
1F
100
AcDbEntity
  8
VISIBLE
100
AcDbEllipse
 10
250.7636151111491
 20
151.552117327158
 30
0.0
 11
-4.49640508497829
 21
7.788002154088215
 31
0.0
210
0.0
220
0.0
230
-0.9999999999999998
 40
0.5773502727292964
 41
2.224103155686855
 42
3.921126217604044
  0
ELLIPSE
  5
108
330
1F
100
AcDbEntity
  8
VISIBLE
100
AcDbEllipse
 10
250.7636151111491
 20
151.552117327158
 30
0.0
 11
-4.746748169175531
 21
8.221609100558121
 31
0.0
210
0.0
220
0.0
230
-1.0
 40
0.5773502727292965
 41
2.231107241086582
 42
3.921435518849092
  0
LINE
  5
109
330
1F
100
AcDbEntity
  8
TITLE_BLOCK
100
AcDbLine
 10
197.1549746758066
 20
32.9692
 30
0.0
 11
197.9169746758066
 21
31.64937728463251
 31
0.0
  0
MTEXT
  5
10C
330
1F
100
AcDbEntity
  8
TITLE_BLOCK
100
AcDbMText
 10
225.3489746758066
 20
14.986
 30
0.0
 40
1.8288
 41
22.86000000000001
 71
     5
 72
     1
  1
 
  7
ONSHAPE-STANDARD-FIELDS
1001
ACAD
1000
ACAD_MTEXT_DEFINED_HEIGHT_BEGIN
1070
    46
1040
10.668
1000
ACAD_MTEXT_DEFINED_HEIGHT_END
  0
MTEXT
  5
10E
330
1F
100
AcDbEntity
  8
TITLE_BLOCK
100
AcDbMText
 10
248.2089746758066
 20
14.986
 30
0.0
 40
1.8288
 41
22.86000000000001
 71
     5
 72
     1
  1
 
  7
ONSHAPE-STANDARD-FIELDS
1001
ACAD
1000
ACAD_MTEXT_DEFINED_HEIGHT_BEGIN
1070
    46
1040
10.668
1000
ACAD_MTEXT_DEFINED_HEIGHT_END
  0
MTEXT
  5
10F
102
{ACAD_XDICTIONARY
360
110
102
}
330
1F
100
AcDbEntity
  8
ANNOTATION_TEXT
 62
     7
 60
     1
100
AcDbMText
 10
149.0219746758066
 20
68.48004715787442
 30
0.0
 40
3.048
 41
0.0
 71
     2
 72
     1
  1

  7
ONSHAPE-STANDARD-VIEW-LABE
1001
ACAD
1000
ACAD_MTEXT_DEFINED_HEIGHT_BEGIN
1070
    46
1040
3.048
1000
ACAD_MTEXT_DEFINED_HEIGHT_END
  0
MTEXT
  5
114
102
{ACAD_XDICTIONARY
360
115
102
}
330
1F
100
AcDbEntity
  8
ANNOTATION_TEXT
 62
     7
 60
     1
100
AcDbMText
 10
265.1621188492912
 20
139.1592815140526
 30
0.0
 40
3.048
 41
0.0
 71
     2
 72
     1
  1

  7
ONSHAPE-STANDARD-VIEW-LABE
1001
ACAD
1000
ACAD_MTEXT_DEFINED_HEIGHT_BEGIN
1070
    46
1040
3.048
1000
ACAD_MTEXT_DEFINED_HEIGHT_END
  0
ENDSEC
  0
SECTION
  2
OBJECTS
  0
DICTIONARY
  5
C
330
0
100
AcDbDictionary
  3
ACAD_GROUP
350
D
  3
ACAD_LAYOUT
350
1A
  3
ACAD_MATERIAL
350
43
  3
ACAD_MLEADERSTYLE
350
6B
  3
ACAD_MLINESTYLE
350
17
  3
ACAD_PLOTSETTINGS
350
19
  3
ACAD_SCALELIST
350
47
  3
ACAD_VISUALSTYLE
350
2A
  3
ACDBHEADERROUNDTRIPXREC
350
17C
  3
ACDBVARIABLEDICTIONARY
350
6E
  3
DWGPROPS
350
1A3
  3
ONSHAPE_DATA
350
118
  0
DICTIONARY
  5
1A4
330
8
100
AcDbDictionary
280
     1
  3
ACAD_XREC_ROUNDTRIP
360
1A5
  0
DICTIONARY
  5
110
330
10F
100
AcDbDictionary
280
     1
  3
ONSHAPE_VIEW_ID
360
111
  0
DICTIONARY
  5
115
330
114
100
AcDbDictionary
280
     1
  3
ONSHAPE_VIEW_ID
360
116
  0
DICTIONARY
  5
D
102
{ACAD_REACTORS
330
C
102
}
330
C
100
AcDbDictionary
  0
DICTIONARY
  5
1A
102
{ACAD_REACTORS
330
C
102
}
330
C
100
AcDbDictionary
  0
DICTIONARY
  5
43
102
{ACAD_REACTORS
330
C
102
}
330
C
100
AcDbDictionary
  3
BYBLOCK
350
45
  3
BYLAYER
350
44
  3
GLOBAL
350
46
  0
DICTIONARY
  5
6B
102
{ACAD_REACTORS
330
C
102
}
330
C
100
AcDbDictionary
  3
STANDARD
350
6C
  0
DICTIONARY
  5
17
102
{ACAD_REACTORS
330
C
102
}
330
C
100
AcDbDictionary
  3
STANDARD
350
18
  0
DICTIONARY
  5
19
102
{ACAD_REACTORS
330
C
102
}
330
C
100
AcDbDictionary
  0
DICTIONARY
  5
47
102
{ACAD_REACTORS
330
C
102
}
330
C
100
AcDbDictionary
  3
A0
350
48
  3
A1
350
49
  3
A2
350
4A
  3
A3
350
4B
  3
A4
350
4C
  3
A5
350
4D
  3
A6
350
4E
  3
A7
350
4F
  3
A8
350
50
  3
A9
350
51
  3
B0
350
52
  3
B1
350
53
  3
B2
350
54
  3
B3
350
55
  3
B4
350
56
  3
B5
350
57
  3
B6
350
58
  3
B7
350
59
  3
B8
350
5A
  3
B9
350
5B
  3
C0
350
5C
  3
C1
350
5D
  3
C2
350
5E
  3
C3
350
5F
  3
C4
350
60
  3
C5
350
61
  3
C6
350
62
  3
C7
350
63
  3
C8
350
64
  3
C9
350
65
  3
D0
350
66
  3
D1
350
67
  3
D2
350
68
  0
DICTIONARY
  5
2A
102
{ACAD_REACTORS
330
C
102
}
330
C
100
AcDbDictionary
  3
2DWIREFRAME
350
2F
  3
BASIC
350
32
  3
BRIGHTEN
350
36
  3
COLORCHANGE
350
3A
  3
CONCEPTUAL
350
34
  3
DIM
350
35
  3
EDGECOLOROFF
350
3D
  3
FACEPATTERN
350
39
  3
FLAT
350
2B
  3
FLATWITHEDGES
350
2C
  3
GOURAUD
350
2D
  3
GOURAUDWITHEDGES
350
2E
  3
HIDDEN
350
31
  3
JITTEROFF
350
3B
  3
LINEPATTERN
350
38
  3
OVERHANGOFF
350
3C
  3
REALISTIC
350
33
  3
SHADED
350
42
  3
SHADED_WITH_EDGES
350
41
  3
SHADES_OF_GRAY
350
3E
  3
SKETCHY
350
3F
  3
THICKEN
350
37
  3
WIREFRAME
350
30
  3
X-RAY
350
40
  0
DICTIONARY
  5
17C
102
{ACAD_REACTORS
330
C
102
}
330
C
100
AcDbDictionary
  3
CEPSNID
350
186
  3
CEPSNTYPE
350
185
  3
DIMSTYLEDATA
350
19C
  3
FINGERPRINTGUID
350
187
  3
HYPERLINKBASE
350
17F
  3
INSUNITS
350
184
  3
LAYOUTDICT
350
181
  3
LWETCUNION
350
183
  3
PLOTSETDICT
350
182
  3
PSVPSCALE
350
189
  3
PUCSBASE
350
18C
  3
PUCSORGBACK
350
192
  3
PUCSORGBOTTOM
350
18E
  3
PUCSORGFRONT
350
191
  3
PUCSORGLEFT
350
18F
  3
PUCSORGRIGHT
350
190
  3
PUCSORGTOP
350
18D
  3
PUCSORTHOREF
350
18A
  3
PUCSORTHOVIEW
350
18B
  3
STYLESHEET
350
180
  3
TSTACKALIGN
350
17D
  3
TSTACKSIZE
350
17E
  3
UCSBASE
350
195
  3
UCSORGBACK
350
19B
  3
UCSORGBOTTOM
350
197
  3
UCSORGFRONT
350
19A
  3
UCSORGLEFT
350
198
  3
UCSORGRIGHT
350
199
  3
UCSORGTOP
350
196
  3
UCSORTHOREF
350
193
  3
UCSORTHOVIEW
350
194
  3
VERSIONGUID
350
188
  0
DICTIONARY
  5
6E
102
{ACAD_REACTORS
330
C
102
}
330
C
100
AcDbDictionary
  3
CANNOSCALE
350
1A6
  3
CMLEADERSTYLE
350
19E
  3
CTABLESTYLE
350
19D
  3
DIMASSOC
350
1A1
  3
HIDETEXT
350
1A2
  3
MSLTSCALE
350
1A7
  3
OLEFRAME
350
6F
  0
XRECORD
  5
1A3
102
{ACAD_REACTORS
330
C
102
}
330
C
100
AcDbXrecord
  1
DWGPROPS COOKIE
  2

  3

  4

  6

  7

  8
nobody
  9

300
=
301
=
302
=
303
=
304
=
305
=
306
=
307
=
308
=
309
=
 40
0.0
 41
2461264.853442361
 42
2461264.853442685
  1

 90
        0
  0
DICTIONARY
  5
118
102
{ACAD_REACTORS
330
C
102
}
330
C
100
AcDbDictionary
280
     1
  3
CAD_STANDARD
360
11A
  3
DIM_UNITS
360
119
  3
FIRST_ANGLE
360
11B
  3
ONSHAPE_ANG_TOL_PRECISION
360
11E
  3
ONSHAPE_BREAK_DIMENSION_DEFAULT
360
124
  3
ONSHAPE_DIMENSION_FIT_STANDARD
360
125
  3
ONSHAPE_DIMENSION_TEXT_HOR
360
123
  3
ONSHAPE_FITCLASS_TOL_PRECISION
360
11F
  3
ONSHAPE_JOGDIMENSION_LOCK_
360
121
  3
ONSHAPE_SHOWDIMENSIONSLINE
360
122
  3
ONSHAPE_UNDERLINEOVERRIDEN
360
120
  3
ONSHAPE_VSHARP_EXTENSION
360
11D
  3
ONSHAPE_WELD_STANDARD
360
11C
  0
XRECORD
  5
1A5
102
{ACAD_REACTORS
330
1A4
102
}
330
1A4
100
AcDbXrecord
102
VTR_0.000_0.000_1.000_1.000_VISUALSTYLE
340
2F
102
VTR_0.000_0.000_1.000_1.000_GRIDDISPLAY
 70
     3
102
VTR_0.000_0.000_1.000_1.000_GRIDMAJOR
 70
     5
102
VTR_0.000_0.000_1.000_1.000_DEFAULTLIGHTING
280
     1
102
VTR_0.000_0.000_1.000_1.000_DEFAULTLIGHTINGTYPE
 70
     1
102
VTR_0.000_0.000_1.000_1.000_BRIGHTNESS
141
0.0
102
VTR_0.000_0.000_1.000_1.000_CONTRAST
142
0.0
  0
XRECORD
  5
111
102
{ACAD_REACTORS
330
110
102
}
330
110
100
AcDbXrecord
330
0
  0
XRECORD
  5
116
102
{ACAD_REACTORS
330
115
102
}
330
115
100
AcDbXrecord
330
0
  0
MATERIAL
  5
45
102
{ACAD_REACTORS
330
43
102
}
102
{ACAD_XDICTIONARY
360
1AA
102
}
330
43
100
AcDbMaterial
  1
BYBLOCK
  0
MATERIAL
  5
44
102
{ACAD_REACTORS
330
43
102
}
102
{ACAD_XDICTIONARY
360
1A8
102
}
330
43
100
AcDbMaterial
  1
BYLAYER
  0
MATERIAL
  5
46
102
{ACAD_REACTORS
330
43
102
}
102
{ACAD_XDICTIONARY
360
1AC
102
}
330
43
100
AcDbMaterial
  1
GLOBAL
  0
ACAD_PROXY_OBJECT
  5
6C
102
{ACAD_REACTORS
330
6B
102
}
330
6B
100
AcDbProxyObject
 90
      499
 91
      505
 93
      610
310
40901902A4063FBFFFFFE056BD1B81E855B9FC0AD7A3703D0AD73F4214DD185B99185C9900AD7A3703D0AC73F90140501A02B5E8DC0F42B1CFC02B5E8DC0F42B1CFE5764000000000000300FC0
340
14
340
0
340
11
340
0
 94
        0
1001
ACAD_MLEADERVER
1070
     2
  0
MLINESTYLE
  5
18
102
{ACAD_REACTORS
330
17
102
}
330
17
100
AcDbMlineStyle
  2
Standard
 70
     0
  3

 62
   256
 51
90.0
 52
90.0
 71
     2
 49
0.5
 62
   256
  6
BYLAYER
 49
-0.5
 62
   256
  6
BYLAYER
  0
ACAD_PROXY_OBJECT
  5
48
102
{ACAD_REACTORS
330
47
102
}
330
47
100
AcDbProxyObject
 90
      499
 91
      503
 93
       41
310
903313A31580
  0
ACAD_PROXY_OBJECT
  5
49
102
{ACAD_REACTORS
330
47
102
}
330
47
100
AcDbProxyObject
 90
      499
 91
      503
 93
      105
310
903313A324000000000000004000
  0
ACAD_PROXY_OBJECT
  5
4A
102
{ACAD_REACTORS
330
47
102
}
330
47
100
AcDbProxyObject
 90
      499
 91
      503
 93
      105
310
903313A344000000000000104000
  0
ACAD_PROXY_OBJECT
  5
4B
102
{ACAD_REACTORS
330
47
102
}
330
47
100
AcDbProxyObject
 90
      499
 91
      503
 93
      105
310
903313A354000000000000144000
  0
ACAD_PROXY_OBJECT
  5
4C
102
{ACAD_REACTORS
330
47
102
}
330
47
100
AcDbProxyObject
 90
      499
 91
      503
 93
      105
310
903313A384000000000000204000
  0
ACAD_PROXY_OBJECT
  5
4D
102
{ACAD_REACTORS
330
47
102
}
330
47
100
AcDbProxyObject
 90
      499
 91
      503
 93
      113
310
904313A31304000000000000244000
  0
ACAD_PROXY_OBJECT
  5
4E
102
{ACAD_REACTORS
330
47
102
}
330
47
100
AcDbProxyObject
 90
      499
 91
      503
 93
      113
310
904313A31364000000000000304000
  0
ACAD_PROXY_OBJECT
  5
4F
102
{ACAD_REACTORS
330
47
102
}
330
47
100
AcDbProxyObject
 90
      499
 91
      503
 93
      113
310
904313A32304000000000000344000
  0
ACAD_PROXY_OBJECT
  5
50
102
{ACAD_REACTORS
330
47
102
}
330
47
100
AcDbProxyObject
 90
      499
 91
      503
 93
      113
310
904313A333040000000000003E4000
  0
ACAD_PROXY_OBJECT
  5
51
102
{ACAD_REACTORS
330
47
102
}
330
47
100
AcDbProxyObject
 90
      499
 91
      503
 93
      113
310
904313A34304000000000000444000
  0
ACAD_PROXY_OBJECT
  5
52
102
{ACAD_REACTORS
330
47
102
}
330
47
100
AcDbProxyObject
 90
      499
 91
      503
 93
      113
310
904313A35304000000000000494000
  0
ACAD_PROXY_OBJECT
  5
53
102
{ACAD_REACTORS
330
47
102
}
330
47
100
AcDbProxyObject
 90
      499
 91
      503
 93
      121
310
905313A3130304000000000000594000
  0
ACAD_PROXY_OBJECT
  5
54
102
{ACAD_REACTORS
330
47
102
}
330
47
100
AcDbProxyObject
 90
      499
 91
      503
 93
      105
310
903323A310000000000000010100
  0
ACAD_PROXY_OBJECT
  5
55
102
{ACAD_REACTORS
330
47
102
}
330
47
100
AcDbProxyObject
 90
      499
 91
      503
 93
      105
310
903343A310000000000000410100
  0
ACAD_PROXY_OBJECT
  5
56
102
{ACAD_REACTORS
330
47
102
}
330
47
100
AcDbProxyObject
 90
      499
 91
      503
 93
      105
310
903383A310000000000000810100
  0
ACAD_PROXY_OBJECT
  5
57
102
{ACAD_REACTORS
330
47
102
}
330
47
100
AcDbProxyObject
 90
      499
 91
      503
 93
      113
310
90431303A310000000000000910100
  0
ACAD_PROXY_OBJECT
  5
58
102
{ACAD_REACTORS
330
47
102
}
330
47
100
AcDbProxyObject
 90
      499
 91
      503
 93
      121
310
9053130303A310000000000001650100
  0
ACAD_PROXY_OBJECT
  5
59
102
{ACAD_REACTORS
330
47
102
}
330
47
100
AcDbProxyObject
 90
      499
 91
      503
 93
      257
310
90E312F31323822203D2031272D3022000000000000200FC000000000000284000
  0
ACAD_PROXY_OBJECT
  5
5A
102
{ACAD_REACTORS
330
47
102
}
330
47
100
AcDbProxyObject
 90
      499
 91
      503
 93
      249
310
90D312F363422203D2031272D3022000000000000240FC000000000000284000
  0
ACAD_PROXY_OBJECT
  5
5B
102
{ACAD_REACTORS
330
47
102
}
330
47
100
AcDbProxyObject
 90
      499
 91
      503
 93
      249
310
90D312F333222203D2031272D3022000000000000280FC000000000000284000
  0
ACAD_PROXY_OBJECT
  5
5C
102
{ACAD_REACTORS
330
47
102
}
330
47
100
AcDbProxyObject
 90
      499
 91
      503
 93
      249
310
90D312F313622203D2031272D30220000000000002C0FC000000000000284000
  0
ACAD_PROXY_OBJECT
  5
5D
102
{ACAD_REACTORS
330
47
102
}
330
47
100
AcDbProxyObject
 90
      499
 91
      503
 93
      249
310
90D332F333222203D2031272D30220000000000002E0FC000000000000284000
  0
ACAD_PROXY_OBJECT
  5
5E
102
{ACAD_REACTORS
330
47
102
}
330
47
100
AcDbProxyObject
 90
      499
 91
      503
 93
      241
310
90C312F3822203D2031272D3022000000000000300FC000000000000284000
  0
ACAD_PROXY_OBJECT
  5
5F
102
{ACAD_REACTORS
330
47
102
}
330
47
100
AcDbProxyObject
 90
      499
 91
      503
 93
      249
310
90D332F313622203D2031272D3022000000000000320FC000000000000284000
  0
ACAD_PROXY_OBJECT
  5
60
102
{ACAD_REACTORS
330
47
102
}
330
47
100
AcDbProxyObject
 90
      499
 91
      503
 93
      241
310
90C312F3422203D2031272D3022000000000000340FC000000000000284000
  0
ACAD_PROXY_OBJECT
  5
61
102
{ACAD_REACTORS
330
47
102
}
330
47
100
AcDbProxyObject
 90
      499
 91
      503
 93
      241
310
90C332F3822203D2031272D3022000000000000360FC000000000000284000
  0
ACAD_PROXY_OBJECT
  5
62
102
{ACAD_REACTORS
330
47
102
}
330
47
100
AcDbProxyObject
 90
      499
 91
      503
 93
      241
310
90C312F3222203D2031272D3022000000000000380FC000000000000284000
  0
ACAD_PROXY_OBJECT
  5
63
102
{ACAD_REACTORS
330
47
102
}
330
47
100
AcDbProxyObject
 90
      499
 91
      503
 93
      241
310
90C332F3422203D2031272D30220000000000003A0FC000000000000284000
  0
ACAD_PROXY_OBJECT
  5
64
102
{ACAD_REACTORS
330
47
102
}
330
47
100
AcDbProxyObject
 90
      499
 91
      503
 93
      161
310
90A3122203D2031272D30224000000000000284000
  0
ACAD_PROXY_OBJECT
  5
65
102
{ACAD_REACTORS
330
47
102
}
330
47
100
AcDbProxyObject
 90
      499
 91
      503
 93
      257
310
90E312D312F3222203D2031272D30220000000000003E0FC000000000000284000
  0
ACAD_PROXY_OBJECT
  5
66
102
{ACAD_REACTORS
330
47
102
}
330
47
100
AcDbProxyObject
 90
      499
 91
      503
 93
      225
310
90A3322203D2031272D302200000000000002100000000000000284000
  0
ACAD_PROXY_OBJECT
  5
67
102
{ACAD_REACTORS
330
47
102
}
330
47
100
AcDbProxyObject
 90
      499
 91
      503
 93
      225
310
90A3622203D2031272D302200000000000006100000000000000284000
  0
ACAD_PROXY_OBJECT
  5
68
102
{ACAD_REACTORS
330
47
102
}
330
47
100
AcDbProxyObject
 90
      499
 91
      503
 93
      249
310
90D31272D3022203D2031272D30220000000000000A100000000000000284000
  0
ACAD_PROXY_OBJECT
  5
2F
102
{ACAD_REACTORS
330
2A
102
}
330
2A
100
AcDbProxyObject
 90
      499
 91
      501
 93
      436
310
42CC9915DA5C99599C985B595049028333333333333E33F0000000000000F90107901411070040501600405405064090741402480A0340
1001
ACAD
1000
AcDbSavedByObjectVersion
1070
     0
  0
ACAD_PROXY_OBJECT
  5
32
102
{ACAD_REACTORS
330
2A
102
}
330
2A
100
AcDbProxyObject
 90
      499
 91
      501
 93
      388
310
4150985CDA58D07406404333333333333E33F0000000000000F90107A41107004050150841D405064090741402480A0350
1001
ACAD
1000
AcDbSavedByObjectVersion
1070
     0
  0
ACAD_PROXY_OBJECT
  5
36
102
{ACAD_REACTORS
330
2A
102
}
330
2A
100
AcDbProxyObject
 90
      499
 91
      501
 93
      428
310
42109C9A59DA1D195B90C409028333333333333E33F0000000000000F9010790141107004050150841D405064090741402480A029950
1001
ACAD
1000
AcDbSavedByObjectVersion
1070
     0
  0
ACAD_PROXY_OBJECT
  5
3A
102
{ACAD_REACTORS
330
2A
102
}
330
2A
100
AcDbProxyObject
 90
      499
 91
      501
 93
      452
310
42D0DBDB1BDC90DA185B99D95104090240C333333333333E33F0000000000000F90108901411070040501508421405064090741402480A0350
1001
ACAD
1000
AcDbSavedByObjectVersion
1070
     0
  0
ACAD_PROXY_OBJECT
  5
34
102
{ACAD_REACTORS
330
2A
102
}
330
2A
100
AcDbProxyObject
 90
      499
 91
      501
 93
      500
310
4290DBDB98D95C1D1D585B10940D028333333333333E33F0000000000000F90107902409070040501000000000018199010841D405064090740C02480A0340
1001
ACAD
1000
AcDbSavedByObjectVersion
1070
     0
  0
ACAD_PROXY_OBJECT
  5
35
102
{ACAD_REACTORS
330
2A
102
}
330
2A
100
AcDbProxyObject
 90
      499
 91
      501
 93
      412
310
40D11A5B50B409028333333333333E33F0000000000000F9010790141107004050150841D405064090741402480A02677FFFFFD0
1001
ACAD
1000
AcDbSavedByObjectVersion
1070
     0
  0
ACAD_PROXY_OBJECT
  5
3D
102
{ACAD_REACTORS
330
2A
102
}
330
2A
100
AcDbProxyObject
 90
      499
 91
      501
 93
      452
310
43115919D950DBDB1BDC93D999916409028333333333333E33F0000000000000F9010790141107004050150841D405064090741402480A0350
1001
ACAD
1000
AcDbSavedByObjectVersion
1070
     0
  0
ACAD_PROXY_OBJECT
  5
39
102
{ACAD_REACTORS
330
2A
102
}
330
2A
100
AcDbProxyObject
 90
      499
 91
      501
 93
      444
310
42D19858D95C185D1D195C9B90F409028333333333333E33F0000000000000F9010790141107004050150841D405064090741402480A0350
1001
ACAD
1000
AcDbSavedByObjectVersion
1070
     0
  0
ACAD_PROXY_OBJECT
  5
2B
102
{ACAD_REACTORS
330
2A
102
}
330
2A
100
AcDbProxyObject
 90
      499
 91
      501
 93
      380
310
41119B185D240901404333333333333E33F0000000000000F9010740A907004050150841D405064090741402480A1B50
1001
ACAD
1000
AcDbSavedByObjectVersion
1070
     0
  0
ACAD_PROXY_OBJECT
  5
2C
102
{ACAD_REACTORS
330
2A
102
}
330
2A
100
AcDbProxyObject
 90
      499
 91
      501
 93
      468
310
43519B185D15DA5D1A115919D95CD0140901404333333333333E33F0000000000000F90107409019070040501600405405064090741402480A1B50
1001
ACAD
1000
AcDbSavedByObjectVersion
1070
     0
  0
ACAD_PROXY_OBJECT
  5
2D
102
{ACAD_REACTORS
330
2A
102
}
330
2A
100
AcDbProxyObject
 90
      499
 91
      501
 93
      404
310
41D1DBDD5C985D5910240902404333333333333E33F0000000000000F9010740A9070040501641D405064090741402480A1B50
1001
ACAD
1000
AcDbSavedByObjectVersion
1070
     0
  0
ACAD_PROXY_OBJECT
  5
2E
102
{ACAD_REACTORS
330
2A
102
}
330
2A
100
AcDbProxyObject
 90
      499
 91
      501
 93
      492
310
4411DBDD5C985D5915DA5D1A115919D95CD0340902404333333333333E33F0000000000000F90107409019070040501600405405064090741402480A1B50
1001
ACAD
1000
AcDbSavedByObjectVersion
1070
     0
  0
ACAD_PROXY_OBJECT
  5
31
102
{ACAD_REACTORS
330
2A
102
}
330
2A
100
AcDbProxyObject
 90
      499
 91
      501
 93
      476
310
41921A5919195B90640502408333333333333E33F0000000000000F901079024090700405020000000000001110200405405064090740C02480A0340
1001
ACAD
1000
AcDbSavedByObjectVersion
1070
     0
  0
ACAD_PROXY_OBJECT
  5
3B
102
{ACAD_REACTORS
330
2A
102
}
330
2A
100
AcDbProxyObject
 90
      499
 91
      501
 93
      428
310
42529A5D1D195C93D999914409028333333333333E33F0000000000000F9010790141107004050150A41D405064090741402480A0350
1001
ACAD
1000
AcDbSavedByObjectVersion
1070
     0
  0
ACAD_PROXY_OBJECT
  5
38
102
{ACAD_REACTORS
330
2A
102
}
330
2A
100
AcDbProxyObject
 90
      499
 91
      501
 93
      444
310
42D31A5B995C185D1D195C9B90E409028333333333333E33F0000000000000F9010790141107004050750841D405064090741402483A0350
1001
ACAD
1000
AcDbSavedByObjectVersion
1070
     0
  0
ACAD_PROXY_OBJECT
  5
3C
102
{ACAD_REACTORS
330
2A
102
}
330
2A
100
AcDbProxyObject
 90
      499
 91
      501
 93
      444
310
42D3DD995C9A185B99D3D999915409028333333333333E33F0000000000000F9010790141107004050150941D405064090741402480A0350
1001
ACAD
1000
AcDbSavedByObjectVersion
1070
     0
  0
ACAD_PROXY_OBJECT
  5
33
102
{ACAD_REACTORS
330
2A
102
}
330
2A
100
AcDbProxyObject
 90
      499
 91
      501
 93
      428
310
425499585B1A5CDD1A58D08409038333333333333E33F0000000000000F9010740A907004050150800405405064090740C02480A1B40
1001
ACAD
1000
AcDbSavedByObjectVersion
1070
     0
  0
ACAD_PROXY_OBJECT
  5
42
102
{ACAD_REACTORS
330
2A
102
}
330
2A
100
AcDbProxyObject
 90
      499
 91
      501
 93
      420
310
4194DA1859195911B40902404333333333333E33F0000000000000F9010740A41107004050150800405405064090840C02480A0B40
1001
ACAD
1000
AcDbSavedByObjectVersion
1070
     0
  0
ACAD_PROXY_OBJECT
  5
41
102
{ACAD_REACTORS
330
2A
102
}
330
2A
100
AcDbProxyObject
 90
      499
 91
      501
 93
      516
310
4454DA18591959081DDA5D1A08195919D95CD1A40902404333333333333E33F0000000000000F901074090142907004050250800405405064090740C02480A0B40
1001
ACAD
1000
AcDbSavedByObjectVersion
1070
     0
  0
ACAD_PROXY_OBJECT
  5
3E
102
{ACAD_REACTORS
330
2A
102
}
330
2A
100
AcDbProxyObject
 90
      499
 91
      501
 93
      532
310
4394DA1859195CC81BD98811DC985E5174090240C333333333333E33F0000000000000F901079024090741D01000000000000111010841D405064090740C02480A0340
1001
ACAD
1000
AcDbSavedByObjectVersion
1070
     0
  0
ACAD_PROXY_OBJECT
  5
3F
102
{ACAD_REACTORS
330
2A
102
}
330
2A
100
AcDbProxyObject
 90
      499
 91
      501
 93
      476
310
41D4DAD95D18DA1E51840502408333333333333E33F0000000000000F901079024090741D01000000000000111010B41D405064090741802480A0340
1001
ACAD
1000
AcDbSavedByObjectVersion
1070
     0
  0
ACAD_PROXY_OBJECT
  5
37
102
{ACAD_REACTORS
330
2A
102
}
330
2A
100
AcDbProxyObject
 90
      499
 91
      501
 93
      412
310
41D51A1A58DAD95B90D409028333333333333E33F0000000000000F9010790141107004050150C41D405064090741402480A0350
1001
ACAD
1000
AcDbSavedByObjectVersion
1070
     0
  0
ACAD_PROXY_OBJECT
  5
30
102
{ACAD_REACTORS
330
2A
102
}
330
2A
100
AcDbProxyObject
 90
      499
 91
      501
 93
      420
310
4255DA5C99599C985B595059028333333333333E33F0000000000000F90107901411070040501600405405064090740C02480A0340
1001
ACAD
1000
AcDbSavedByObjectVersion
1070
     0
  0
ACAD_PROXY_OBJECT
  5
40
102
{ACAD_REACTORS
330
2A
102
}
330
2A
100
AcDbProxyObject
 90
      499
 91
      501
 93
      404
310
41560B54985E51940902404000000000000E03F0000000000000F9010740501907004050150841D405064090740C02480A1B40
1001
ACAD
1000
AcDbSavedByObjectVersion
1070
     0
  0
XRECORD
  5
186
102
{ACAD_REACTORS
330
17C
102
}
330
17C
100
AcDbXrecord
340
0
  0
XRECORD
  5
185
102
{ACAD_REACTORS
330
17C
102
}
330
17C
100
AcDbXrecord
 90
        0
  0
XRECORD
  5
19C
102
{ACAD_REACTORS
330
17C
102
}
330
17C
100
AcDbXrecord
1000
DSTYLE
1002
{
1070
   179
 70
     1
1070
   170
 70
     1
1070
   171
 70
     3
1070
   143
 40
0.0393700787401575
1070
   274
 70
     3
1070
   285
 70
    11
1070
   176
 70
     7
1070
   177
 70
     7
1070
   178
 70
     7
1070
   271
 70
     2
1070
    44
 40
0.08
1070
   144
 40
4.999999999999999
1070
   371
 70
    13
1070
   372
 70
    13
1070
    40
 40
25.4
1070
   272
 70
     2
1070
   340
340
72
1070
   140
 40
0.12
1070
   284
 70
    11
1070
   288
 70
     1
1070
    78
 70
    11
1070
    90
 70
     1
1002
}
  0
XRECORD
  5
187
102
{ACAD_REACTORS
330
17C
102
}
330
17C
100
AcDbXrecord
  1
{63716133-3577-6170-e4e1-796574757838}
  0
XRECORD
  5
17F
102
{ACAD_REACTORS
330
17C
102
}
330
17C
100
AcDbXrecord
  1

  0
XRECORD
  5
184
102
{ACAD_REACTORS
330
17C
102
}
330
17C
100
AcDbXrecord
 90
        4
  0
XRECORD
  5
181
102
{ACAD_REACTORS
330
17C
102
}
330
17C
100
AcDbXrecord
340
1A
  0
XRECORD
  5
183
102
{ACAD_REACTORS
330
17C
102
}
330
17C
100
AcDbXrecord
 90
    10269
  0
XRECORD
  5
182
102
{ACAD_REACTORS
330
17C
102
}
330
17C
100
AcDbXrecord
340
19
  0
XRECORD
  5
189
102
{ACAD_REACTORS
330
17C
102
}
330
17C
100
AcDbXrecord
 40
0.0
  0
XRECORD
  5
18C
102
{ACAD_REACTORS
330
17C
102
}
330
17C
100
AcDbXrecord
340
0
  0
XRECORD
  5
192
102
{ACAD_REACTORS
330
17C
102
}
330
17C
100
AcDbXrecord
 10
0.0
 20
0.0
 30
0.0
  0
XRECORD
  5
18E
102
{ACAD_REACTORS
330
17C
102
}
330
17C
100
AcDbXrecord
 10
0.0
 20
0.0
 30
0.0
  0
XRECORD
  5
191
102
{ACAD_REACTORS
330
17C
102
}
330
17C
100
AcDbXrecord
 10
0.0
 20
0.0
 30
0.0
  0
XRECORD
  5
18F
102
{ACAD_REACTORS
330
17C
102
}
330
17C
100
AcDbXrecord
 10
0.0
 20
0.0
 30
0.0
  0
XRECORD
  5
190
102
{ACAD_REACTORS
330
17C
102
}
330
17C
100
AcDbXrecord
 10
0.0
 20
0.0
 30
0.0
  0
XRECORD
  5
18D
102
{ACAD_REACTORS
330
17C
102
}
330
17C
100
AcDbXrecord
 10
0.0
 20
0.0
 30
0.0
  0
XRECORD
  5
18A
102
{ACAD_REACTORS
330
17C
102
}
330
17C
100
AcDbXrecord
340
0
  0
XRECORD
  5
18B
102
{ACAD_REACTORS
330
17C
102
}
330
17C
100
AcDbXrecord
 70
     0
  0
XRECORD
  5
180
102
{ACAD_REACTORS
330
17C
102
}
330
17C
100
AcDbXrecord
  1

  0
XRECORD
  5
17D
102
{ACAD_REACTORS
330
17C
102
}
330
17C
100
AcDbXrecord
 90
        1
  0
XRECORD
  5
17E
102
{ACAD_REACTORS
330
17C
102
}
330
17C
100
AcDbXrecord
 90
       70
  0
XRECORD
  5
195
102
{ACAD_REACTORS
330
17C
102
}
330
17C
100
AcDbXrecord
340
0
  0
XRECORD
  5
19B
102
{ACAD_REACTORS
330
17C
102
}
330
17C
100
AcDbXrecord
 10
0.0
 20
0.0
 30
0.0
  0
XRECORD
  5
197
102
{ACAD_REACTORS
330
17C
102
}
330
17C
100
AcDbXrecord
 10
0.0
 20
0.0
 30
0.0
  0
XRECORD
  5
19A
102
{ACAD_REACTORS
330
17C
102
}
330
17C
100
AcDbXrecord
 10
0.0
 20
0.0
 30
0.0
  0
XRECORD
  5
198
102
{ACAD_REACTORS
330
17C
102
}
330
17C
100
AcDbXrecord
 10
0.0
 20
0.0
 30
0.0
  0
XRECORD
  5
199
102
{ACAD_REACTORS
330
17C
102
}
330
17C
100
AcDbXrecord
 10
0.0
 20
0.0
 30
0.0
  0
XRECORD
  5
196
102
{ACAD_REACTORS
330
17C
102
}
330
17C
100
AcDbXrecord
 10
0.0
 20
0.0
 30
0.0
  0
XRECORD
  5
193
102
{ACAD_REACTORS
330
17C
102
}
330
17C
100
AcDbXrecord
340
0
  0
XRECORD
  5
194
102
{ACAD_REACTORS
330
17C
102
}
330
17C
100
AcDbXrecord
 70
     0
  0
XRECORD
  5
188
102
{ACAD_REACTORS
330
17C
102
}
330
17C
100
AcDbXrecord
  1
{FAEB1C32-E019-11D5-929B-00C0DF256EC4}
  0
DICTIONARYVAR
  5
1A6
102
{ACAD_REACTORS
330
6E
102
}
330
6E
100
DictionaryVariables
280
     0
  1
1:1
  0
DICTIONARYVAR
  5
19E
102
{ACAD_REACTORS
330
6E
102
}
330
6E
100
DictionaryVariables
280
     0
  1
Standard
  0
DICTIONARYVAR
  5
19D
102
{ACAD_REACTORS
330
6E
102
}
330
6E
100
DictionaryVariables
280
     0
  1
Onshape-Standard
  0
DICTIONARYVAR
  5
1A1
102
{ACAD_REACTORS
330
6E
102
}
330
6E
100
DictionaryVariables
280
     0
  1
2
  0
DICTIONARYVAR
  5
1A2
102
{ACAD_REACTORS
330
6E
102
}
330
6E
100
DictionaryVariables
280
     0
  1
1
  0
DICTIONARYVAR
  5
1A7
102
{ACAD_REACTORS
330
6E
102
}
330
6E
100
DictionaryVariables
280
     0
  1
1
  0
DICTIONARYVAR
  5
6F
102
{ACAD_REACTORS
330
6E
102
}
330
6E
100
DictionaryVariables
280
     0
  1
0
  0
XRECORD
  5
11A
102
{ACAD_REACTORS
330
118
102
}
330
118
100
AcDbXrecord
300
ANSI
  0
XRECORD
  5
119
102
{ACAD_REACTORS
330
118
102
}
330
118
100
AcDbXrecord
 70
     4
  0
ACAD_PROXY_OBJECT
  5
11B
102
{ACAD_REACTORS
330
118
102
}
330
118
100
AcDbProxyObject
 90
      499
 91
      508
 93
       34
310
40C8804000
  0
XRECORD
  5
11E
102
{ACAD_REACTORS
330
118
102
}
330
118
100
AcDbXrecord
 90
        0
  0
ACAD_PROXY_OBJECT
  5
124
102
{ACAD_REACTORS
330
118
102
}
330
118
100
AcDbProxyObject
 90
      499
 91
      508
 93
       34
310
40C8804040
  0
XRECORD
  5
125
102
{ACAD_REACTORS
330
118
102
}
330
118
100
AcDbXrecord
300
ANSI
  0
XRECORD
  5
123
102
{ACAD_REACTORS
330
118
102
}
330
118
100
AcDbXrecord
 90
        5
  0
XRECORD
  5
11F
102
{ACAD_REACTORS
330
118
102
}
330
118
100
AcDbXrecord
 90
        4
  0
XRECORD
  5
121
102
{ACAD_REACTORS
330
118
102
}
330
118
100
AcDbXrecord
 90
        0
  0
ACAD_PROXY_OBJECT
  5
122
102
{ACAD_REACTORS
330
118
102
}
330
118
100
AcDbProxyObject
 90
      499
 91
      508
 93
       34
310
40C8804000
  0
ACAD_PROXY_OBJECT
  5
120
102
{ACAD_REACTORS
330
118
102
}
330
118
100
AcDbProxyObject
 90
      499
 91
      508
 93
       34
310
40C8804040
  0
XRECORD
  5
11D
102
{ACAD_REACTORS
330
118
102
}
330
118
100
AcDbXrecord
 90
        0
  0
XRECORD
  5
11C
102
{ACAD_REACTORS
330
118
102
}
330
118
100
AcDbXrecord
 90
        0
  0
DICTIONARY
  5
1AA
330
45
100
AcDbDictionary
280
     1
  3
ACAD_XREC_ROUNDTRIP
360
1AB
  0
DICTIONARY
  5
1A8
330
44
100
AcDbDictionary
280
     1
  3
ACAD_XREC_ROUNDTRIP
360
1A9
  0
DICTIONARY
  5
1AC
330
46
100
AcDbDictionary
280
     1
  3
ACAD_XREC_ROUNDTRIP
360
1AD
  0
XRECORD
  5
1AB
102
{ACAD_REACTORS
330
1AA
102
}
330
1AA
100
AcDbXrecord
102
MATERIAL
148
0.0
149
0.0
149
0.0
 93
        0
 94
      127
282
     0
 72
     1
 77
     1
171
     1
175
     1
179
     1
273
     0
  0
XRECORD
  5
1A9
102
{ACAD_REACTORS
330
1A8
102
}
330
1A8
100
AcDbXrecord
102
MATERIAL
148
0.0
149
0.0
149
0.0
 93
        0
 94
      127
282
     0
 72
     1
 77
     1
171
     1
175
     1
179
     1
273
     0
  0
XRECORD
  5
1AD
102
{ACAD_REACTORS
330
1AC
102
}
330
1AC
100
AcDbXrecord
102
MATERIAL
148
0.0
149
0.0
149
0.0
 93
        0
 94
      127
282
     0
 72
     1
 77
     1
171
     1
175
     1
179
     1
273
     0
  0
ENDSEC
  0
EOF
